{"current":{"purchase_code":"ece559d6-42ee-4184-a786-70a72e4bbd79","home_keywords":"","shop_author":"","use_rtl":"3","header_design":"inline","logo":"shopify:\/\/shop_images\/HALAFOOD_NEW_7.svg","logo_width":160,"logos":"shopify:\/\/shop_images\/kalles.png","logos_width":165,"logo_mb":"shopify:\/\/shop_images\/jbn.jpg","logo_mb_width":95,"logo_tr":"shopify:\/\/shop_images\/header-logo-01.png","logo_tr_width":95,"mobile_nav_type":"1","heading_color":"#222222","text_color":"#545454","accent_color":"#79b650","link_color_hover":"#79b650","btn_bg":"#79b650","cl_lazyload":"#79b650","sw_primary":"#79b650","font_source":"2","fnt_fm_sp1":"poppins_n4","fnt_fm_sp2":"poppins_n4","fnt_fm_sp3":"libre_baskerville_n4","fnt_fm_gg1":"Poppins","fnt_fm_gg2":"Poppins","fnt_fm_gg3":"Libre Baskerville","hd_ffamily":"1","enable_compe":false,"app_review":"6","badge_shape":"1","label_sale_style":"2","use_new_badge":false,"new_badge_color":"#222222","custom_badge_color":"#79b650","enable_quickview":false,"type_qv":"2","enable_quickshop":true,"enable_rating":false,"enable_atc":true,"show_qty":false,"pr_border_style":"1","enable_pr_color":false,"swatch_item_style":"1","show_color_type":"1","show_img":"2","pr_img_effect":"4","enable_eff_img1":false,"pr_curent":"3","use_group_media":true,"use_change_variant_by_img":true,"enable_his":true,"variant_remove":"2","share_source":"1","edit_item":"1","free_ship_pr":"أبو-كرش-أرز-بسمتي-حبة-طويلة","enable_confetti":false,"des_shipbar_cl_4":"#79b650","gift_wrap_pr":"gift-wrap","login_side":false,"filter_type_search":true,"show_search_suggest":true,"search_prs_suggest":"women","show_search_hotkey":true,"currency_type":"1","flag_currency":true,"size_currency":"sm","round_currency":false,"notify_currency":true,"hover_currency":false,"share_facebook":true,"share_twitter":true,"share_pinterest":false,"share_tumblr":false,"share_email":false,"share_telegram":false,"share_whatsapp":true,"social_facebook_link":"https:\/\/www.facebook.com\/people\/HalaFood\/100076096682943\/","social_twitter_link":"","social_instagram_link":"https:\/\/www.instagram.com\/halafood_eu\/?igsh=MTNvdXIxMzVnYW1laQ%3D%3D&utm_source=qr#","social_dribbble_link":"","social_linkedin_link":"","social_pinterest_link":"","social_tumblr_link":"","social_snapchat_link":"","social_youtube_link":"","social_vimeo_link":"","social_behance_link":"","social_soundcloud_link":"","social_tiktok_link":"https:\/\/www.tiktok.com\/@halafood_eu?is_from_webapp=1&sender_device=pc","favicon":"shopify:\/\/shop_images\/Frame_21.png","favicon_apple":"shopify:\/\/shop_images\/Frame_21.png","pr_incoming_mess":true,"use_vimg":true,"sticky_atc":true,"fnt_fm_button":"1","sections":{"bottom-bar":{"type":"bottom-bar","blocks":{"47f5eb4c-1063-495d-bfc4-a54c62d219aa":{"type":"bl_col","settings":{"col_heading":"","menu":"","col_dk":"12","col_tb":"5","col_mb":"12","content_align":"t4s-text-md-center","padding_inner":"","col_heading_mobile":"","content_align_mb":"t4s-text-center","padding_inner_mb":""}},"b3c6ceca-2d54-4a14-b482-bb86cbf25f08":{"type":"copyR","settings":{"text":"Copyright © [year] <span class=\"t4s-cp\">hala food<\/span> all rights reserved.","mgb":0,"mgb_mb":0}}},"block_order":["47f5eb4c-1063-495d-bfc4-a54c62d219aa","b3c6ceca-2d54-4a14-b482-bb86cbf25f08"],"settings":{"hidden_bottombar":false,"border_top":false,"border_pos":"full","space_h_item":"30","space_v_item":"0","space_h_item_mb":"0","space_v_item_mb":"0","heading_fontf":"inherit","heading_fs":16,"heading_lh":22,"heading_fw":500,"heading_ls":0,"mgb":30,"mgb_mb":20,"text_fs":14,"text_fw":400,"heading_cl":"#222222","text_cl":"#878787","link_cl":"#878787","link_hover_cl":"#56cfe1","border_cl":"#e6e6e6","layout":"t4s-container-wrap","cl_bg":"","cl_bg_gradient":"","mg":"","pd":"20px,,5px,","mg_tb":"","pd_tb":"","mg_mb":"","pd_mb":"20px,,5px,"}},"footer":{"type":"footer","blocks":{"footer-4":{"type":"bl_col","settings":{"col_heading":"","menu":"","menu_style":"1","col_border":"none","col_dk":"3","col_tb":"6","col_mb":"12","content_align":"t4s-text-md-start","padding_inner":"5px,0,0,0","content_align_tb":"t4s-text-md-start","padding_inner_tb":"","col_heading_mobile":"","content_align_mb":"t4s-text-start","padding_inner_mb":""}},"de84a111-3ed0-40a2-b86a-1e81488e9bff":{"type":"image","settings":{"image_child":"shopify:\/\/shop_images\/HALAFOOD_NEW_1_0039e99e-2fd3-4402-8d81-7331071a459a.svg","link_img":"","img_width":95,"img_width_mb":100,"mgb":34,"mgb_mb":24}},"footer-2":{"type":"html","settings":{"html_content":"<p style=\"display:flex;\">\n  <svg style=\"width: 30px;height: 30px;vertical-align: middle;margin-right: 5px;\" viewbox=\"0 0 32 32\" width=\"32\" height=\"32\">\n    <path fill=\"currentColor\" d=\"M 16.001 1.072 c 5.291 0 9.596 4.305 9.596 9.597 c 0 1.683 -0.446 3.341 -1.29 4.799 l -8.307 14.394 l -8.308 -14.395 c -0.843 -1.456 -1.289 -3.115 -1.289 -4.798 c 0 -5.292 4.305 -9.597 9.597 -9.597 Z M 16.001 14.4 c 2.058 0 3.731 -1.674 3.731 -3.731 s -1.674 -3.731 -3.731 -3.731 c -2.058 0 -3.732 1.674 -3.732 3.731 s 1.674 3.731 3.732 3.731 Z M 16.001 0.006 c -5.889 0 -10.663 4.775 -10.663 10.663 c 0 1.945 0.523 3.762 1.432 5.332 l 9.23 15.994 l 9.23 -15.994 c 0.909 -1.57 1.432 -3.387 1.432 -5.332 c 0 -5.888 -4.774 -10.663 -10.662 -10.663 v 0 Z M 16.001 13.334 c -1.472 0 -2.666 -1.193 -2.666 -2.665 c 0 -1.471 1.194 -2.665 2.666 -2.665 s 2.665 1.194 2.665 2.665 c 0 1.472 -1.193 2.665 -2.665 2.665 v 0 Z\"><\/path>\n  <\/svg>\n  <span>Donau City Straße 3 Vienna, Austria<\/span>\n<\/p>\n\n<p style=\"display:flex;\">\n  <svg style=\"width: 24px;height: 24px;vertical-align: middle;margin-right: 5px;\" viewbox=\"0 0 32 32\" width=\"32\" height=\"32\">\n    <path fill=\"currentColor\" d=\"M 28.244 7.47 h -25.572 v 17.06 h 26.656 v -17.06 h -1.084 Z M 27.177 8.536 l -10.298 10.298 c -0.47 0.47 -1.289 0.47 -1.759 0 l -10.3 -10.298 h 22.356 Z M 3.738 8.961 l 6.923 6.922 l -6.923 6.923 v -13.846 Z M 4.589 23.464 l 6.827 -6.826 l 2.951 2.95 c 0.436 0.436 1.016 0.677 1.633 0.677 s 1.197 -0.241 1.633 -0.677 l 2.951 -2.951 l 6.826 6.826 h -22.822 Z M 28.262 22.807 l -6.923 -6.924 l 6.923 -6.924 v 13.848 Z\"><\/path>\n  <\/svg>\n  <span>halafood@bluebear.at<\/span>\n<\/p>\n\n<p style=\"display:flex;\">\n  <svg style=\"width: 24px;height: 24px;vertical-align: middle;margin-right: 5px;\" viewbox=\"0 0 32 32\" width=\"32\" height=\"32\">\n    <path fill=\"currentColor\" d=\"M 23.407 30.394 c -2.431 0 -8.341 -3.109 -13.303 -9.783 c -4.641 -6.242 -6.898 -10.751 -6.898 -13.785 c 0 -2.389 1.65 -3.529 2.536 -4.142 l 0.219 -0.153 c 0.979 -0.7 2.502 -0.927 3.086 -0.927 c 1.024 0 1.455 0.599 1.716 1.121 c 0.222 0.442 2.061 4.39 2.247 4.881 c 0.286 0.755 0.192 1.855 -0.692 2.488 l -0.155 0.108 c -0.439 0.304 -1.255 0.869 -1.368 1.557 c -0.055 0.334 0.057 0.684 0.342 1.068 c 1.423 1.918 5.968 7.55 6.787 8.314 c 0.642 0.6 1.455 0.685 2.009 0.218 c 0.573 -0.483 0.828 -0.768 0.83 -0.772 l 0.059 -0.057 c 0.048 -0.041 0.496 -0.396 1.228 -0.396 c 0.528 0 1.065 0.182 1.596 0.541 c 1.378 0.931 4.487 3.011 4.487 3.011 l 0.05 0.038 c 0.398 0.341 0.973 1.323 0.302 2.601 c -0.695 1.327 -2.85 4.066 -5.079 4.066 Z\"><\/path>\n  <\/svg>\n  <span><bdi>\n+436502800436\n<\/bdi>\n<\/span>\n<\/p>","hidden_mobile":false}},"footer-3":{"type":"cus_socials","settings":{"title":"","social_mode":"1","social_style":"1","social_size":"small","bd_radius":0,"use_color_set":false,"icon_cl":"#878787","bg_cl":"#79b650","space_h_item":"20","space_v_item":"5","space_h_item_mb":"20","space_v_item_mb":"2","mgb":0}},"footer-0":{"type":"bl_col","settings":{"col_heading":"الاقسام","menu":"footer-category","menu_style":"1","col_border":"none","col_dk":"3","col_tb":"6","col_mb":"12","content_align":"t4s-text-md-start","padding_inner":"","content_align_tb":"t4s-text-md-start","padding_inner_tb":"","col_heading_mobile":"الاقسام","content_align_mb":"t4s-text-start","padding_inner_mb":""}},"footer-8":{"type":"bl_col","settings":{"col_heading":"روابط مهمة","menu":"gesch-ftsbedingungen","menu_style":"1","col_border":"none","col_dk":"3","col_tb":"6","col_mb":"12","content_align":"t4s-text-md-start","padding_inner":"5px,0,0,0","content_align_tb":"t4s-text-md-start","padding_inner_tb":"","col_heading_mobile":"","content_align_mb":"t4s-text-start","padding_inner_mb":""}},"footer-10":{"type":"bl_col","settings":{"col_heading":"النشرة الاخبارية","menu":"","menu_style":"1","col_border":"none","col_dk":"3","col_tb":"6","col_mb":"12","content_align":"t4s-text-md-start","padding_inner":"5px,0,0,0","content_align_tb":"t4s-text-md-start","padding_inner_tb":"","col_heading_mobile":"","content_align_mb":"t4s-text-start","padding_inner_mb":""}},"footer-11":{"type":"custom_text","settings":{"text":"اشترك في نشرتنا الاخبارية ليصلك كل جديد عن عروضنا","remove_br_tag":false,"tag":"p","fontf":"inherit","text_cl":"#878787","text_fs":14,"text_lh":24,"text_fw":400,"text_ls":0,"font_italic":false,"text_shadow":false,"text_mgb":18,"hidden_mobile":false,"text_fs_mb":16,"text_lh_mb":0,"text_ls_mb":0,"text_mgb_mobile":18}},"footer-12":{"type":"newsletter","settings":{"form_width":0,"form_width_mb":0,"newl_des":"1","news_align":"start","newl_size":"small","btn_icon":false,"input_cl":"#878787","border_cl":"#000000","btn_cl":"#ffffff","btn_bg_cl":"#79b650","btn_hover_cl":"#ffffff","btn_hover_bg_cl":"#79b650","hidden_mobile":false,"mgb":22,"mgb_mb":20}},"33eb929e-a001-4d96-82a0-5aab1aaabaea":{"type":"payments","disabled":true,"settings":{"svg":"visa,paypal,maestro,american_express,discover","height":30,"hidden_mobile":false,"mgb":20,"mgb_mb":10}}},"block_order":["footer-4","de84a111-3ed0-40a2-b86a-1e81488e9bff","footer-2","footer-3","footer-0","footer-8","footer-10","footer-11","footer-12","33eb929e-a001-4d96-82a0-5aab1aaabaea"],"settings":{"sticky":false,"collapse":true,"border_top":false,"enable_follow_on_shop":true,"border_pos":"in","space_h_item":"30","space_v_item":"30","space_h_item_tb":"15","space_v_item_tb":"30","space_h_item_mb":"0","space_v_item_mb":"30","heading_fontf":"inherit","heading_fs":16,"heading_lh":22,"heading_fw":500,"heading_ls":0,"mgb":30,"mgb_mb":20,"text_fs":14,"text_fw":400,"heading_cl":"#222222","text_cl":"#545454","link_cl":"#545454","link_hover_cl":"#79b650","link_active_cl":"#222222","border_cl":"#e6e6e6","layout":"t4s-container-wrap","cl_bg":"#f6f6f8","cl_bg_gradient":"","mg":"","pd":"75px,,75px,","mg_tb":"","pd_tb":"","mg_mb":"","pd_mb":"45px,,45px,"}},"announcement-bar":{"type":"announcement-bar","blocks":{"announcement-bar-2":{"type":"announcement","settings":{"link":"","content":"<p>استمتع بالشحن المجاني للطلبات بسعر 59 يورو فأكثر<\/p>","adding_border":false,"countdown":"2023\/12\/26","txt_day":"days","dayx":0}}},"block_order":["announcement-bar-2"],"settings":{"show_announcement":true,"design":"slider","effect":"1","au_time":0,"speed":50,"pause_when_hover":false,"direction":"rtl","height":45,"fontsize":12,"cl":"#ffffff","bg":"#79b650","bg_op":100,"close":"0","cl_btn":"#ffffff","version":"1","date":60}},"top-bar":{"type":"top-bar","blocks":{"top-bar-2":{"type":"cur","settings":{"show_currency":true,"show_language":true,"use_location":false,"txt_location":"","url_location":"shopify:\/\/blogs\/lingeries\/5-best-swimsuits-for-big-busts","open_link":"_self","hide":false,"text_align":"start","col":"12"}}},"block_order":["top-bar-2"],"custom_css":[".t4s-top-bar__languages button {font-weight: bold;}",".t4s-top-bar__languages > button {border: 1px solid #d4d4d4; border-radius: 10px; padding: 5px 10px;}",".t4s-top-bar__languages {margin-right: 0 !important;}"],"settings":{"show_topbar":true,"topbar_transparent":false,"height":45,"fontsize":14,"cl":"#000000","cl_a_hover":"#79b650","bg":"#fffbf4","bg_op":100,"show_border":false,"bd_cl":"#000000","cl_tr":"#ffffff","cl_a_hover_tr":"#56cfe1","bg_tr":"#000000","bg_op_tr":10,"show_border_tr":false,"bd_cl_tr":"#d4d4d4"}},"header-inline":{"type":"header-inline","blocks":{"base_aBjEmP":{"type":"base","settings":{"title":"كل المنتجات","url":"shopify:\/\/collections\/all","open_link":"_self","icon":"","cus_cl":false,"cl":"#ec0101","lb":"","lb_cl":""}},"base_WMkmV8":{"type":"base","settings":{"title":"عروض","url":"shopify:\/\/collections\/angebote","open_link":"_self","icon":"","cus_cl":false,"cl":"#ec0101","lb":"","lb_cl":""}},"drop_DkLkC4":{"type":"drop","settings":{"title":"بقالة","url":"shopify:\/\/collections\/lebensmittel","open_link":"_self","menu":"groceries","icon":"","cus_cl":false,"cl":"#ec0101","lb":"","lb_cl":"","lazy_mn":true,"pos_sub":"bottom","pos":"left","item_fsize":13,"sp_bettewn_item":20}},"drop_w7N4d3":{"type":"drop","settings":{"title":"مستحضرات تجميل","url":"shopify:\/\/collections\/kosmetik","open_link":"_self","menu":"cosmetics","icon":"","cus_cl":false,"cl":"#ec0101","lb":"","lb_cl":"","lazy_mn":true,"pos_sub":"bottom","pos":"left","item_fsize":13,"sp_bettewn_item":20}},"base_aqGjG9":{"type":"base","settings":{"title":"أدوات منزلية","url":"shopify:\/\/collections\/haushaltsware","open_link":"_self","icon":"","cus_cl":false,"cl":"#ec0101","lb":"","lb_cl":""}},"base_XAfrUK":{"type":"base","settings":{"title":"عرض 1 + 1 مجانا","url":"shopify:\/\/collections\/عرض-1-1-مجانا","open_link":"_self","icon":"las la-gifts","cus_cl":true,"cl":"#ec0101","lb":"","lb_cl":""}}},"block_order":["base_aBjEmP","base_WMkmV8","drop_DkLkC4","drop_w7N4d3","base_aqGjG9","base_XAfrUK"],"settings":{"layout":"logo_left","full_header":false,"height":70,"arrow":false,"align":"center","hover":"hover_sideup","enable_active":false,"h_navmb":60,"bgnav":"#fffbf4","opnav":100,"clnav":"#222222","clnav_hover":"#79b650","h_icon":"kalles","hover_icon":"2","show_search":true,"show_acc":true,"show_wis":true,"cart_des":"1","bg_hc":"#ec0101","cl_hc":"#ffffff","sticky_header":true,"scroll_header":true,"bgnavst":"#ffffff","opnavst":100,"clnavst":"#222222","clnavst_hover":"#79b650","transparent_header":false,"space_transparent_header":false,"bgnavtr":"#000000","opnavtr":40,"clnavtr":"#ffffff","clnavtr_hover":"#457d33","fm_nav":"1","fs_nav":14,"fw_nav":400,"ls_nav":0}},"title_config":{"type":"title_config","blocks":{"title_config-0":{"type":"title","settings":{"color":"#222222","family":"2","size":24,"weight":600,"lh":34,"ls":0,"space":0,"size_mb":18,"lh_mb":30,"ls_mb":0,"space_mb":0}},"title_config-1":{"type":"subtitle","settings":{"italic":true,"color":"#878787","family":"3","size":14,"weight":400,"lh":0,"ls":0,"space":0,"size_mb":14,"lh_mb":0,"ls_mb":0,"space_mb":0}}},"block_order":["title_config-0","title_config-1"],"settings":{"design_heading":"1","heading_align":"t4s-text-center","top_heading":"Accordion","icon_heading":"las la-gem","top_subheading":"","tophead_mb":30}},"pr_item_config":{"type":"pr_item_config","blocks":{"pr_item_config-0":{"type":"1","settings":{"heading":"Product desgin 01","addtocart_color":"#ffffff","addtocart_color_hover":"#222222","quickview_color":"#ffffff","quickview_color_hover":"#222222","wishlist_color":"#79b650","wishlist_color_hover":"#222222","wishlist_color_active":"#e81e63","compare_color":"#ffffff","compare_color_hover":"#222222","size_list_color":"#ffffff"}},"pr_item_config-1":{"type":"2","settings":{"heading":"Product desgin 02","addtocart_color":"#ffffff","addtocart_color_hover":"#222222","quickview_color":"#ffffff","quickview_color_hover":"#222222","wishlist_color":"#ffffff","wishlist_color_hover":"#222222","wishlist_color_active":"#e81e63","compare_color":"#ffffff","compare_color_hover":"#222222","size_list_color":"#ffffff"}},"977f60cb-440c-4e8e-beaa-b55b503aaa7c":{"type":"3","settings":{"heading":"Product design 03","addtocart_color":"#ffffff","addtocart_color_hover":"#222222","quickview_color":"#ffffff","quickview_color_hover":"#222222","wishlist_color":"#ffffff","wishlist_color_hover":"#222222","wishlist_color_active":"#e81e63","compare_color":"#ffffff","compare_color_hover":"#222222","size_list_color":"#ffffff"}},"fca180ab-ad71-42a7-a8a9-ed91fbebd0ac":{"type":"4","settings":{"heading":"Product design 04","addtocart_color":"#ffffff","addtocart_color_hover":"#222222","quickview_color":"#ffffff","quickview_color_hover":"#222222","wishlist_color":"#ffffff","wishlist_color_hover":"#222222","wishlist_color_active":"#e81e63","compare_color":"#ffffff","compare_color_hover":"#222222","pr_btn_round":0,"size_list_color":"#ffffff"}},"6fdc3407-75d0-4c09-92f9-138646c4699e":{"type":"5","settings":{"heading":"Product design 05","addtocart_color":"#ffffff","addtocart_color_hover":"#222222","quickview_color":"#ffffff","quickview_color_hover":"#222222","wishlist_color":"#ffffff","wishlist_color_hover":"#222222","wishlist_color_active":"#e81e63","compare_color":"#ffffff","compare_color_hover":"#222222","size_list_color":"#ffffff"}},"16ce1932-676d-4dcd-bdbf-356d813613c5":{"type":"6","settings":{"heading":"Product design 06","atc_style":"default","addtocart_color":"#79b650","addtocart_color_hover":"#79b650","quickview_color":"#ffffff","quickview_color_hover":"#222222","wishlist_color":"#ffffff","wishlist_color_hover":"#222222","wishlist_color_active":"#e81e63","compare_color":"#ffffff","compare_color_hover":"#222222","size_list_color":"#ffffff"}},"83670c68-17f0-43a9-8caa-b96cca9a3b05":{"type":"list","settings":{"heading":"Product list","content_color":"#878787","addtocart_color":"#79b650","addtocart_color_hover":"#222222","quickview_color":"#79b650","quickview_color_hover":"#222222","wishlist_color":"#ffffff","wishlist_color_hover":"#222222","wishlist_color_active":"#e81e63","compare_color":"#ffffff","compare_color_hover":"#222222","size_list_color":"#ffffff"}},"a8021fa1-2248-47ff-a3a7-9433011a17bc":{"type":"packery","settings":{"heading":"Product packery","pr_title_color":"#ffffff","pr_title_color_hover":"#56cfe1","price_color":"#ffffff","price_color_second":"#696969","price_sale_color":"#ec0101","addtocart_color":"#ffffff","addtocart_color_hover":"#222222","quickview_color":"#ffffff","quickview_color_hover":"#222222","wishlist_color":"#ffffff","wishlist_color_hover":"#222222","wishlist_color_active":"#e81e63","compare_color":"#ffffff","compare_color_hover":"#222222","size_list_color":"#ffffff"}}},"block_order":["pr_item_config-0","pr_item_config-1","977f60cb-440c-4e8e-beaa-b55b503aaa7c","fca180ab-ad71-42a7-a8a9-ed91fbebd0ac","6fdc3407-75d0-4c09-92f9-138646c4699e","16ce1932-676d-4dcd-bdbf-356d813613c5","83670c68-17f0-43a9-8caa-b96cca9a3b05","a8021fa1-2248-47ff-a3a7-9433011a17bc"],"settings":{"txt_tr_pr":"none","fnt_df_pr":"1","size_pr":14,"fw_pr":500,"lh_pr":20,"ls_pr":0,"size_price_pr":14,"fw_price_pr":400,"space_img_content":15,"space_elements":0,"swatch_color_size":16,"swatch_color_size_mb":20,"pr_btn_round":40,"pr_title_color":"#222222","pr_title_color_hover":"#56cfe1","price_color":"#696969","price_color_second":"#696969","price_sale_color":"#ec0101","vendors_color":"#878787","vendors_color_hover":"#56cfe1","countdown_color":"#56cfe1","countdown_overlay":100,"pr_bg_overlay":"#000000","pr_overlay":10}},"btn_config":{"type":"btn_config","blocks":{"btn_config-0":{"type":"custom1","settings":{"color_primary":"#ffb100","color_second":"#ffffff","color_primary_hover":"#ff4e00","color_second_hover":"#ffffff"}},"btn_config-1":{"type":"custom2","settings":{"color_primary":"#f7f7f7","color_second":"#222222","color_primary_hover":"#ffffff","color_second_hover":"#222222"}}},"block_order":["btn_config-0","btn_config-1"],"settings":{"fnt_fm_button":"--font-family-1","btn_fw":600,"btn_bdr":60,"other_radius":0,"button_effect":"default"}},"toolbar_mobile":{"type":"toolbar_mobile","blocks":{"home_AW3rUy":{"type":"home","settings":{"title":"الرئيسية"}},"toolbar_mobile-0":{"type":"shop","settings":{"title":"تسوق","link":"all-products"}},"toolbar_mobile-1":{"type":"wish","settings":{"title":"قائمة الرغبات"}},"toolbar_mobile-2":{"type":"cart","settings":{"title":"سلة التسوق"}}},"block_order":["home_AW3rUy","toolbar_mobile-0","toolbar_mobile-1","toolbar_mobile-2"],"settings":{"enable_toolbar":true,"show_txt":true,"bg_color":"#ffffff","icon_color":"#222222","label_color":"#222222","count_bg_color":"#000000","count_text_color":"#ffffff"}},"back_top":{"type":"back_top","settings":{"enable_backtop":true,"enable_hidden_mobile":false,"backtop_des":"1","enable_progress_bar":false,"border_cl":"#f5f5f5","border_cl_active":"#000000"}},"mega-menu":{"type":"mega-menu","blocks":{"583a30c7-369d-4a64-a51d-ca53c1685206":{"type":"mega","settings":{"id":1}},"3abb98a1-837d-46af-b195-f5c43e7c88ee":{"type":"link","settings":{"tt_hd":"HOME PAGES","url":"","open_link":"_self","menu":"","item_fsize":13,"sp_bettewn_item":20,"col":"3"}},"2ceac397-4b2b-4740-a477-707dd2680e02":{"type":"link","settings":{"tt_hd":"HOME PAGES","url":"","open_link":"_self","menu":"","item_fsize":13,"sp_bettewn_item":20,"col":"3"}},"1f90cea5-04fb-4ef3-822b-5f987845e5c4":{"type":"link","settings":{"tt_hd":"HEADER LAYOUTS","url":"","open_link":"_self","menu":"","item_fsize":13,"sp_bettewn_item":20,"col":"3"}},"6122e966-0272-4c46-a1a0-051bdc2ae08c":{"type":"link","settings":{"tt_hd":"FEATURES","url":"","open_link":"_self","menu":"","item_fsize":13,"sp_bettewn_item":20,"col":"3"}},"45fa281e-2be5-4727-bd01-942824713769":{"type":"mega","settings":{"id":2}},"02beea21-3cb9-41ce-a1ab-04ae44b7f47e":{"type":"link","settings":{"tt_hd":"SHOP PAGES","url":"","open_link":"_self","menu":"","item_fsize":13,"sp_bettewn_item":20,"col":"2"}},"ff494243-e58b-40e9-a2ea-e64ccd58a624":{"type":"link","settings":{"tt_hd":"FEATURES","url":"","open_link":"_self","menu":"","item_fsize":13,"sp_bettewn_item":20,"col":"2"}},"cec6a189-3084-497a-b4a8-b391531b2503":{"type":"cat","settings":{"collection":"women","collection_title":"","collection_subtitle":"","collection_des":"1","title_cl":"#ffffff","title_cl_hover":"#222222","subtitle_cl":"#878787","count_cl":"#222222","border_cl":"#e5e5e5","open_link":"_self","space_bottom":20,"space_bottom_mb":10,"border":false,"item_pd":0,"item_rd":0,"img_effect":"zoom","b_effect":"none","image_ratio":"rationt","image_size":"cover","image_position":"8","collection_link":"","col":"4"}},"95da8d7e-67f2-4ebd-b1ad-e83d518cb37e":{"type":"cat","settings":{"collection":"frontpage","collection_title":"","collection_subtitle":"","collection_des":"1","title_cl":"#ffffff","title_cl_hover":"#222222","subtitle_cl":"#878787","count_cl":"#222222","border_cl":"#e5e5e5","open_link":"_self","space_bottom":20,"space_bottom_mb":10,"border":false,"item_pd":0,"item_rd":0,"img_effect":"none","b_effect":"none","image_ratio":"rationt","image_size":"cover","image_position":"8","collection_link":"","col":"4"}},"5bdb6eec-e820-4415-ac9b-9c6096eb20c1":{"type":"mega","settings":{"id":3}},"cc1a7875-8010-421e-b69c-efc19a6043d6":{"type":"link","settings":{"tt_hd":"PRODUCT LAYOUTS","url":"","open_link":"_self","menu":"","item_fsize":13,"sp_bettewn_item":20,"col":"3"}},"e17e717c-01e0-4704-92bc-92c339ee6148":{"type":"link","settings":{"tt_hd":"PRODUCT DETAILS","url":"","open_link":"_self","menu":"","item_fsize":13,"sp_bettewn_item":20,"col":"3"}},"27ca598d-2e3f-44fc-a790-64783d37de5e":{"type":"link","settings":{"tt_hd":"PRODUCT SWATCH","url":"","open_link":"_self","menu":"","item_fsize":13,"sp_bettewn_item":20,"col":"3"}},"bdfaa837-86a3-4159-805a-668060142b0d":{"type":"link","settings":{"tt_hd":"PRODUCT FEATURES","url":"","open_link":"_self","menu":"","item_fsize":13,"sp_bettewn_item":20,"col":"3"}},"5952e385-42a5-4603-9be9-64b76f15ef48":{"type":"mega","settings":{"id":4}},"400a038a-cb32-4aae-a66d-7d4cd404ccd6":{"type":"link2","settings":{"col":"2","menu":"","item_fsize":13,"sp_bettewn_item":20}},"41ee689a-9ef7-46ab-a5a6-5fa4776a9af6":{"type":"pr","settings":{"collection":"sale","product_des":"1","show_vendor":false,"use_cdt":false,"image_ratio":"rationt","image_size":"cover","image_position":"8","content_align":"default","limit":6,"col_dk":"4","space_h_item":"30","space_v_item":"30","layout_des":"2","nav_btn":true,"btn_vi":"always","btn_owl":"outline","btn_shape":"round","btn_cl":"dark","btn_size":"small","btn_hidden_mobile":true,"col":"10"}},"758ddd07-8ea5-4c0e-80a1-e7eef279fa5f":{"type":"mega","settings":{"id":5}},"5665b9cc-d2a6-42e0-b267-e4b36da8a05e":{"type":"link","settings":{"tt_hd":"BLOG LAYOUT","url":"https:\/\/demo-kalles-4-1.myshopify.com\/blogs\/fashion?preview_theme_id=","open_link":"_self","menu":"","item_fsize":13,"sp_bettewn_item":20,"col":"4"}},"552902be-02b1-40ca-8475-982bbdb75ed7":{"type":"blogs","settings":{"blog":"fashion","post_des":"1","show_cate":false,"show_tags":true,"show_cnt":false,"show_au":true,"show_dt":true,"show_cm":true,"show_rm":false,"show_irm":false,"date":"date","content_align":"t4s-text-center","limit":8,"img_effect":"zoom","b_effect":"none","image_ratio":"ratio4_3","image_size":"cover","image_position":"8","col_dk":"2","space_h_item":"30","space_v_item":"30","layout_des":"2","nav_btn":true,"btn_vi":"always","btn_owl":"outline","btn_shape":"round","btn_cl":"dark","btn_size":"small","btn_hidden_mobile":true,"col":"8"}}},"block_order":["583a30c7-369d-4a64-a51d-ca53c1685206","3abb98a1-837d-46af-b195-f5c43e7c88ee","2ceac397-4b2b-4740-a477-707dd2680e02","1f90cea5-04fb-4ef3-822b-5f987845e5c4","6122e966-0272-4c46-a1a0-051bdc2ae08c","45fa281e-2be5-4727-bd01-942824713769","02beea21-3cb9-41ce-a1ab-04ae44b7f47e","ff494243-e58b-40e9-a2ea-e64ccd58a624","cec6a189-3084-497a-b4a8-b391531b2503","95da8d7e-67f2-4ebd-b1ad-e83d518cb37e","5bdb6eec-e820-4415-ac9b-9c6096eb20c1","cc1a7875-8010-421e-b69c-efc19a6043d6","e17e717c-01e0-4704-92bc-92c339ee6148","27ca598d-2e3f-44fc-a790-64783d37de5e","bdfaa837-86a3-4159-805a-668060142b0d","5952e385-42a5-4603-9be9-64b76f15ef48","400a038a-cb32-4aae-a66d-7d4cd404ccd6","41ee689a-9ef7-46ab-a5a6-5fa4776a9af6","758ddd07-8ea5-4c0e-80a1-e7eef279fa5f","5665b9cc-d2a6-42e0-b267-e4b36da8a05e","552902be-02b1-40ca-8475-982bbdb75ed7"],"settings":{"bg":""}},"mb_nav":{"type":"mb_nav","blocks":{"menu_K8Rwp8":{"type":"menu","settings":{"title":"كل المنتجات","url":"shopify:\/\/collections\/all","open_link":"_self","menu":"","lb":"","lb_cl":"","icons_op":"0","icon":"las la-chair"}},"menu_kErHmM":{"type":"menu","settings":{"title":"عرض 1 + 1 مجانا","url":"shopify:\/\/collections\/عرض-1-1-مجانا","open_link":"_self","menu":"","lb":"","lb_cl":"","icons_op":"2","icon":"las la-gifts"}},"menu_UGqLVG":{"type":"menu","settings":{"title":"عروض","url":"shopify:\/\/collections\/angebote","open_link":"_self","menu":"","lb":"","lb_cl":"","icons_op":"0","icon":"las la-chair"}},"menu_4Y9WrF":{"type":"menu","settings":{"title":"ربيع 2025","url":"shopify:\/\/collections\/fruhling-2025","open_link":"_self","menu":"","lb":"","lb_cl":"","icons_op":"0","icon":""}},"menu_r9g48q":{"type":"menu","settings":{"title":"بقالة","url":"shopify:\/\/collections\/lebensmittel","open_link":"_self","menu":"groceries","lb":"","lb_cl":"","icons_op":"2","icon":""}},"menu_GhDrGW":{"type":"menu","settings":{"title":"وجبات جاهزة وأطباق رئيسية","url":"shopify:\/\/collections\/fertige-sussigkeiten","open_link":"_self","menu":"","lb":"","lb_cl":"","icons_op":"0","icon":"las la-chair"}},"menu_eUQTbE":{"type":"menu","settings":{"title":"رقائق ووجبات خفيفة","url":"shopify:\/\/collections\/chips-snacks","open_link":"_self","menu":"chips-snacks","lb":"","lb_cl":"","icons_op":"0","icon":"las la-chair"}},"menu_gWhgFQ":{"type":"menu","settings":{"title":"مشروبات","url":"shopify:\/\/collections\/getranke","open_link":"_self","menu":"drinks","lb":"","lb_cl":"","icons_op":"0","icon":"las la-chair"}},"menu_TY96Y7":{"type":"menu","settings":{"title":"مستحضرات تجميل","url":"shopify:\/\/collections\/kosmetik","open_link":"_self","menu":"cosmetics","lb":"","lb_cl":"","icons_op":"0","icon":"las la-chair"}},"menu_6RiYPe":{"type":"menu","settings":{"title":"أدوات منزلية","url":"shopify:\/\/collections\/haushaltsware","open_link":"_self","menu":"","lb":"","lb_cl":"","icons_op":"0","icon":"las la-chair"}},"menu_8R3xXa":{"type":"menu","settings":{"title":"سياسة الشحن","url":"shopify:\/\/pages\/versandbedingungen","open_link":"_self","menu":"","lb":"","lb_cl":"","icons_op":"2","icon":"las la-shipping-fast"}},"mb_nav-4":{"type":"wis","settings":{}},"mb_nav-5":{"type":"sea","settings":{}},"mb_nav-6":{"type":"acc","settings":{}},"mb_nav-8":{"type":"lang","settings":{}},"mb_nav-9":{"type":"cur","settings":{}}},"block_order":["menu_K8Rwp8","menu_kErHmM","menu_UGqLVG","menu_4Y9WrF","menu_r9g48q","menu_GhDrGW","menu_eUQTbE","menu_gWhgFQ","menu_TY96Y7","menu_6RiYPe","menu_8R3xXa","mb_nav-4","mb_nav-5","mb_nav-6","mb_nav-8","mb_nav-9"],"settings":{}},"mb_cat":{"type":"mb_cat","blocks":{"37d41873-33b9-495f-b9e9-261690a26f44":{"type":"cat","settings":{"cat":"women","title":"","url":"","menu":"","lb":"","lb_cl":"#e91e63","icons_op":"1","icon":"chair"}},"02afbc74-7e86-47eb-a54c-4b782b9be1ec":{"type":"cat","settings":{"cat":"frontpage","title":"","url":"","menu":"","lb":"","lb_cl":"#e91e63","icons_op":"1","icon":"chair"}},"a8e444e6-eaae-4fff-a0dd-f13d43abd5f0":{"type":"cat","settings":{"cat":"accessories","title":"","url":"","menu":"","lb":"","lb_cl":"#e91e63","icons_op":"1","icon":"chair"}},"a613ac38-3b02-42a8-8d06-c7fab073ed0c":{"type":"catimg","settings":{"cat":"shoes","title":"","url":"","lb":"","lb_cl":"#e91e63","icons_op":"1","icon":"chair","cat1":"","url1":"","cat2":"","url2":"","cat3":"","url3":"","cat4":"","url4":"","cat5":"","url5":"","cat6":"","url6":"","cat7":"","url7":"","cat8":"","url8":"","cat9":"","url9":"","cat10":"","url10":"","cat11":"","url11":"","cat12":"","url12":"","cat13":"","url13":"","cat14":"","url14":"","cat15":"","url15":"","cat16":"","url16":"","cat17":"","url17":"","cat18":"","url18":"","cat19":"","url19":"","cat20":"","url20":"","cat21":"","url21":"","cat22":"","url22":"","cat23":"","url23":"","cat24":"","url24":"","cat25":"","url25":""}}},"block_order":["37d41873-33b9-495f-b9e9-261690a26f44","02afbc74-7e86-47eb-a54c-4b782b9be1ec","a8e444e6-eaae-4fff-a0dd-f13d43abd5f0","a613ac38-3b02-42a8-8d06-c7fab073ed0c"],"settings":{}},"mini_cart":{"type":"mini_cart","blocks":{"mini_cart-0":{"type":"price","settings":{}},"mini_cart-3":{"type":"btnc","settings":{"btn_icon":false,"button_style":"default","btn_cl":"custom2","button_effect":"default"}},"mini_cart-4":{"type":"btnck","settings":{"btn_icon":false,"button_style":"default","btn_cl":"primary","button_effect":"default"}},"mini_cart-6":{"type":"btn","settings":{"title":"العودة للتسوق","url":"","btn_icon":false,"button_style":"default","btn_cl":"primary","button_effect":"fade"}}},"block_order":["mini_cart-0","mini_cart-3","mini_cart-4","mini_cart-6"],"settings":{"style":"1","pos":"2","enable_pr":true,"enable_calc_ship":true,"enable_note":false,"enable_rates":false,"enable_discount":false,"enable_gift_wrap":false,"ship_df_country":"United States"}},"main-qv":{"type":"main-qv","blocks":{"main-qv-0":{"type":"title","settings":{"txt_tr_pr":"none","fnt_df_pr":"1","size_pr":16,"fw_pr":600,"lh_pr":0,"ls_pr":0,"pr_title_color":"#222222","pr_title_color_hover":"#56cfe1"}},"main-qv-1":{"type":"price_review","settings":{"price":"0","type_sale":"0","tax_ship":true,"rating":true,"review_liquid":"","size_price_pr":22,"fw_price_pr":400,"price_color":"#696969","price_sale_color":"#ec0101"}},"main-qv-2":{"type":"description","settings":{"des":"2","text":"<p>Go kalles this summer with this vintage navy and white striped v-neck t-shirt from the Nike. Perfect for pairing with denim and white kicks for a stylish kalles vibe.<\/p>","length":31}},"main-qv-3":{"type":"form","settings":{"selector_mode":"circle","color_mode":"color is-sw-cl__round","enable_fit_ratio_img":false,"color_size":"medium","show_qty":true,"enable_wishlist":true,"enable_compare":true,"btn_atc_full":false,"pr_btn_round":40,"ani":"t4s-ani-tada","time":6,"btn_txt":"3","btn_icon":false,"button_style":"default","button_color":"primary","button_effect":"sweep-to-bottom","wishlist_color":"#222222","wishlist_color_hover":"#56cfe1","wishlist_color_active":"#e81e1e","compare_color":"#222222","compare_color_hover":"#56cfe1","compare_color_active":"#222222","show_dynamic_checkout":true,"btn_txt2":"3","button_color_payment":"dark","show_gift_card_recipient":true,"product_list":[],"show_product_current":true,"qty_val":"0","advance_label":"Choose style","advance_pr_list":[]}},"main-qv-4":{"type":"size_delivery_ask","settings":{"size_chart":"3","pos_sizeg":"1","sc_type":"1","page":"size-chart","size_ck":"","delivery":true,"page_dr":"delivery-return","ask":true,"phone":true}},"main-qv-5":{"type":"meta","settings":{"show_options":true,"show_vendor":false,"show_type":false,"show_sku":true,"show_barcode":false,"show_available":true,"show_category":true,"show_tags":true}},"main-qv-6":{"type":"social","settings":{"socials_align":"start","social_mode":"2","social_style":"1","social_size":"extra_small","bd_radius":0,"use_color_set":true,"icon_cl":"#222222","bg_cl":"#56cfe1","space_h_item":"20","space_v_item":"5","space_h_item_mb":"6","space_v_item_mb":"2"}}},"block_order":["main-qv-0","main-qv-1","main-qv-2","main-qv-3","main-qv-4","main-qv-5","main-qv-6"],"settings":{"image_ratio":"ratioadapt","image_size":"cover","image_position":"8","enable_video_looping":false,"enable_video_muting":true,"enable_video_autoplaying":true,"eff":"fade","nav_btn":true,"btn_vi":"always","btn_owl":"outline","btn_shape":"round","btn_cl":"dark","btn_size":"small","btn_hidden_mobile":false,"nav_dot":false,"dot_owl":"default","dots_cl":"dark","dots_round":true,"dots_space":10,"dots_hidden_mobile":false}},"slider_config":{"type":"slider_config","blocks":{"ef55a72d-2a3a-4be2-b303-7904b5feef29":{"type":"custom1","settings":{"btn_color_primary":"#abb1b4","btn_color_second":"#ffffff","btn_color_primary_hover":"#56cfe1","btn_color_second_hover":"#ffffff"}}},"block_order":["ef55a72d-2a3a-4be2-b303-7904b5feef29"],"settings":{"btn_vi":"hover","btn_owl":"default","btn_shape":"none","btn_size":"small","dot_owl":"default","dots_round":true,"dots_space":10}},"search-hidden":{"type":"search-hidden","settings":{}},"login-sidebar":{"type":"login-sidebar","settings":{"content_align":"start","btn_width":"full","button_style":"default","btns_size":"medium","btns_cl":"primary","button_effect":"default"}},"facets":{"type":"facets","settings":{"style_color_filter":"Color, color, Colour , colour","style_tag_filter":"ss bb"}},"heading-template":{"type":"heading-template","blocks":{"heading-template-0":{"type":"1","settings":{"heading":"","fontf":"inherit","text_cl":"#ffffff","text_fs":20,"text_lh":20,"text_fw":500,"text_ls":0,"font_italic":false,"font_uppercase":false,"text_shadow":false,"text_mgb":0,"hidden_mobile":false,"text_fs_mb":20,"text_lh_mb":20,"text_ls_mb":0,"text_mgb_mobile":0}}},"block_order":["heading-template-0"],"settings":{"image":"shopify:\/\/shop_images\/shopping-cart-head.jpg","parallax":false,"color":"#000000","overlay":54,"padding":50,"paddingmb":50,"mg_b":50,"mg_bmb":50,"content_align":"t4s-text-center","bg_pos":"center center","bg_repeat":"no-repeat","bg_size":"cover","use_cus_css":false,"code_cus_css":".SectionID {\nbackground-color:red\n}"}},"main-wishlist":{"type":"main-wishlist","blocks":{"main-wishlist-0":{"type":"layout","settings":{}}},"block_order":["main-wishlist-0"],"settings":{"product_des":"1","show_vendor":false,"image_ratio":"rationt","image_size":"cover","image_position":"8","content_align":"default","limit":12,"enable_listing":true,"enable_listing_default":false,"col_dk":"4","col_tb":"2","col_mb":"2","space_h_item":"30","space_v_item":"30","space_h_item_mb":"10","space_v_item_mb":"10","layout_des":"1","use_pagination":"default","enable_bar_lm":true,"btn_icon":false,"button_style":"default","btns_size":"large","btns_cl":"dark","button_effect":"default","btn_pos":"t4s-text-center","layout":"t4s-container-wrap","cl_bg":"","cl_bg_gradient":"","mg":",,50px,","pd":"","mg_mb":",,30px,","pd_mb":""}},"main-compare":{"type":"main-compare","blocks":{"main-compare-0":{"type":"basic","settings":{}},"main-compare-1":{"type":"availability","settings":{"title":"Availability"}},"main-compare-2":{"type":"vendor","settings":{"title":"Vendor"}},"main-compare-3":{"type":"variants","settings":{"title":"Color"}},"main-compare-4":{"type":"btn","settings":{"title":"RETURN TO SHOP","url":"","open_link":"_self","btn_icon":false,"button_style":"default","btns_size":"medium","btns_cl":"primary","button_effect":"default"}}},"block_order":["main-compare-0","main-compare-1","main-compare-2","main-compare-3","main-compare-4"],"settings":{"cl_price":"#95bf46","cl_price_sale":"#ec0101","cl_in":"#95bf46","cl_out":"#e1b878","image_ratio":"rationt","image_size":"cover","image_position":"8","content_align":"center","layout":"t4s-container-wrap","cl_bg":"","cl_bg_gradient":"","mg":",,50px,","pd":"","mg_mb":",,30px,","pd_mb":""}},"header-vertical":{"type":"header-vertical","blocks":{"header-vertical-0":{"type":"mega","settings":{"title":"Home","url":"","open_link":"_self","icon":"","cus_cl":false,"cl":"#ec0101","lb":"","lb_cl":"#00BADB","wid":"cus","cus_wid":1200,"id":1,"r_s_h_item":"30","r_s_v_item":"30"}},"header-vertical-1":{"type":"mega","settings":{"title":"mega","url":"","open_link":"_self","icon":"","cus_cl":false,"cl":"#ec0101","lb":"","lb_cl":"#00BADB","wid":"cus","cus_wid":1200,"id":1,"r_s_h_item":"30","r_s_v_item":"30"}},"header-vertical-2":{"type":"base","settings":{"title":"base","url":"\/","open_link":"_self","icon":"","cus_cl":false,"cl":"#ec0101","lb":"","lb_cl":""}},"0dec03c0-f79c-4d2b-946e-0a9c5d0a0d9a":{"type":"drop","settings":{"title":"Dropdown","url":"","open_link":"_self","menu":"main-menu","icon":"","cus_cl":false,"cl":"#ec0101","lb":"","lb_cl":""}}},"block_order":["header-vertical-0","header-vertical-1","header-vertical-2","0dec03c0-f79c-4d2b-946e-0a9c5d0a0d9a"],"settings":{"show_language":true,"show_currency":true,"arrow":true,"bgnav":"#ffffff","opnav":100,"clnav":"#222222","clnav_hover":"#56cfe1","h_icon":"kalles","show_search":true,"show_acc":true,"show_wis":true,"cart_des":"1","bg_hc":"#000000","cl_hc":"#ffffff","source":"2","txt":"<p>Welcome to our store!<\/p>","h_navmb":62,"fm_nav":"1","fs_nav":14,"fw_nav":500,"ls_nav":0.2}},"popups":{"type":"popups","settings":{}},"t4s_custom_color":{"type":"t4s_custom_color","blocks":{"06eaa184-e59c-4525-ac5d-eac6fc91f3e8":{"type":"bg_color","settings":{"title":"","color":"","cl_gradient":"","color_img":false}}},"block_order":["06eaa184-e59c-4525-ac5d-eac6fc91f3e8"],"settings":{}},"main-qs":{"type":"main-qs","blocks":{"main-qs-0":{"type":"title","settings":{"txt_tr_pr":"none","fnt_df_pr":"1","size_pr":16,"fw_pr":600,"lh_pr":0,"ls_pr":0,"pr_title_color":"#222222","pr_title_color_hover":"#56cfe1"}},"main-qs-1":{"type":"price","settings":{"price":"0","type_sale":"2","size_price_pr":22,"fw_price_pr":400,"price_color":"#696969","price_sale_color":"#ec0101"}},"main-qs-2":{"type":"form","settings":{"selector_mode":"block","color_mode":"variant_image","enable_fit_ratio_img":true,"color_size":"large","show_qty":true,"enable_wishlist":true,"enable_compare":true,"pr_btn_round":40,"ani":"t4s-ani-shake","time":3,"btn_txt":"3","btn_icon":false,"button_style":"default","button_color":"primary","button_effect":"sweep-to-top","wishlist_color":"#222222","wishlist_color_hover":"#56cfe1","wishlist_color_active":"#e81e1e","compare_color":"#222222","compare_color_hover":"#56cfe1","compare_color_active":"#222222","show_dynamic_checkout":true,"btn_txt2":"3","button_color_payment":"dark"}}},"block_order":["main-qs-0","main-qs-1","main-qs-2"],"settings":{"demo_pr":""}},"facets_tags":{"type":"facets_tags","blocks":{"14770600-c9ef-4dc1-afbb-0efa120a1bd4":{"type":"color","settings":{"hidden_block":false,"title":"By Color","arra_enter":"Red,White,Brown,Blue, Black, Green, Grey, Sliver,Pink","use_auto_filter_tag":false,"key":"Color"}}},"block_order":["14770600-c9ef-4dc1-afbb-0efa120a1bd4"],"settings":{}},"extras":{"type":"extras","settings":{}}},"content_for_index":[],"blocks":{"144831480468751239":{"type":"shopify:\/\/apps\/essential-upsell\/blocks\/app-embed\/50627fd9-24fd-4250-8614-accc12826d80","disabled":true,"settings":{}},"14060646107696862457":{"type":"shopify:\/\/apps\/judge-me-reviews\/blocks\/judgeme_core\/61ccd3b1-a9f2-4160-9fe9-4fec8413e5d8","disabled":false,"settings":{}},"3300017149626794902":{"type":"shopify:\/\/apps\/xboost-bundle\/blocks\/core_script\/8707ef23-ba0e-4d63-a83a-1460e9bac021","disabled":false,"settings":{"customScript":""}}}},"platform_customizations":{"custom_css":["#t4s-mini_cart .t4s-drawer__bottom .t4s-btn__cart,#t4s-mini_cart .t4s-drawer__bottom .t4s-btn__checkout {margin: 10px 0; text-transform: uppercase; letter-spacing: 0px; font-size: 14px; transition: 0.25s ease-in-out !important; font-weight: 600; min-height: 40px; padding: 5px 25px;}",".t4s-header__logo img {padding-top: 5px; padding-bottom: 5px; transform: translateZ(0); max-height: inherit; height: auto; width: 76%; max-width: 76%;}",".xb-flex.xb-gap-1.xb-items-center.xb-self-center {display: none !important;}",".t4s-pr-style6 .t4s-product-btns a .t4s-text-pr {letter-spacing: px;}",".t4s-product-quick-shop .shopify-payment-button * {display: none !important;}",".t4s-pr-style6 .t4s-product-btns a .t4s-text-pr {letter-spacing: 0px;}",".t4s-shipping-des p {text-align: center !important;}"]}}