{"sections":{"1646028739ae283905":{"type":"slideshow","blocks":{"164602873867eb3815-0":{"type":"image_parent","settings":{"image":"shopify:\/\/shop_images\/2_e952f194-baf2-4cf3-bc19-9fa3770a9868.png","image_mb":"shopify:\/\/shop_images\/4_135f54c2-e8b5-42f6-b6c8-054824a0bddf.png","image_position":"8","cl_img":"","link_img1":"shopify:\/\/collections\/fruhling-2025","open_link":"_blank","animate_slide":"none","text_align":"start","text_align_mb":"start","content_width":"container","cv_pos":50,"ch_pos":0,"cv_pos_mb":50,"ch_pos_mb":0,"bg_overlay":"#000000","bg_opacity":0,"bg_content_cl":"rgba(0,0,0,0)","bg_content_op":0,"content_radius":0,"box_square":false,"content_pd_tb":15,"content_pd_lr":15,"content_pd_tb_tb":15,"content_pd_lr_tb":15,"content_pd_tb_mb":10,"content_pd_lr_mb":10,"border_bl":false,"br_color":"#222222","br_bg":"#ffffff","br_opacity":50,"br_style":"solid","br_pd":20,"br_pd_mb":10,"time_animation":1,"animation_delay":10}},"image_parent_GYKpMW":{"type":"image_parent","settings":{"image":"shopify:\/\/shop_images\/1_d33785aa-8569-4d10-8642-4a9804258bfe.png","image_mb":"shopify:\/\/shop_images\/3_d67c7f7c-4812-4373-bf5e-a839d1b9cfdf.png","image_position":"8","cl_img":"","link_img1":"shopify:\/\/collections\/bundle-1","open_link":"_self","animate_slide":"none","text_align":"start","text_align_mb":"start","content_width":"container","cv_pos":50,"ch_pos":0,"cv_pos_mb":50,"ch_pos_mb":0,"bg_overlay":"#000000","bg_opacity":0,"bg_content_cl":"rgba(0,0,0,0)","bg_content_op":0,"content_radius":0,"box_square":false,"content_pd_tb":15,"content_pd_lr":15,"content_pd_tb_tb":15,"content_pd_lr_tb":15,"content_pd_tb_mb":10,"content_pd_lr_mb":10,"border_bl":false,"br_color":"#222222","br_bg":"#ffffff","br_opacity":50,"br_style":"solid","br_pd":20,"br_pd_mb":10,"time_animation":1,"animation_delay":30}}},"block_order":["164602873867eb3815-0","image_parent_GYKpMW"],"settings":{"se_height":"t4s_ratioadapt_f","custom_dk":false,"height_dk":700,"custom_tb":false,"height_tb":500,"custom_mb":false,"height_mb":250,"eff":"fade","loop":true,"au_time":3,"au_hover":true,"nav_btn":false,"btn_vi":"hover","btn_owl":"default","btn_icon":"0","btn_shape":"none","btn_cl":"dark","btn_size":"small","btn_hidden_mobile":false,"nav_dot":true,"dot_owl":"br-outline","dots_position":"default","dots_cl":"light","dots_round":true,"dots_space":4,"dots_hidden_mobile":false,"layout":"t4s-container-fluid","cl_bg":"","cl_bg_gradient":"","mg":",,30px,","pd":"","mg_tb":",50px","pd_tb":"","mg_mb":",,10px,","pd_mb":"","use_cus_css":false,"code_cus_css":".SectionID {\nbackground-color:red\n}"}},"collections_list_dD8RdM":{"type":"collections-list","blocks":{"collection_item_TDaaBK":{"type":"collection_item","settings":{"collection":"عرض-1-1-مجانا","image":"shopify:\/\/shop_images\/2_18207217-0881-454e-beb8-69610ce43b5f.png","icon":"las la-gem","custom_svg":"","collection_title":"عرض 1 + 1 مجانا","collection_link":""}},"collection_item_jH99XP":{"type":"collection_item","settings":{"collection":"bundle-1","image":"shopify:\/\/shop_images\/bahatatart.png","icon":"las la-gem","custom_svg":"","collection_title":"عرض البهارات","collection_link":""}},"collection_item_nGRwLX":{"type":"collection_item","settings":{"collection":"angebote","icon":"las la-gem","custom_svg":"","collection_title":"عروض","collection_link":""}},"collection_item_UWGW4C":{"type":"collection_item","settings":{"collection":"0-99","image":"shopify:\/\/shop_images\/hummus-tahina-618745.jpg","icon":"las la-gem","custom_svg":"","collection_title":"عرض € 0,99","collection_link":""}},"collection_item_frRcDQ":{"type":"collection_item","settings":{"collection":"fruhling-2025","icon":"las la-gem","custom_svg":"","collection_title":"الربيع 2025","collection_link":""}},"collection_item_bVVBBL":{"type":"collection_item","settings":{"collection":"lebensmittel","icon":"las la-gem","custom_svg":"","collection_title":"بقالة","collection_link":""}},"collection_item_nVxhQc":{"type":"collection_item","settings":{"collection":"getranke","icon":"las la-gem","custom_svg":"","collection_title":"مشروبات","collection_link":""}},"collection_item_3eRcQf":{"type":"collection_item","settings":{"collection":"sussigkeiten-baklava","icon":"las la-gem","custom_svg":"","collection_title":"حلويات عربية وبقلاوة","collection_link":""}},"collection_item_qHrcxc":{"type":"collection_item","settings":{"collection":"kosmetik","icon":"las la-gem","custom_svg":"","collection_title":"مستحضرات تجميل","collection_link":""}},"collection_item_rpTWmf":{"type":"collection_item","settings":{"collection":"haushaltsware","icon":"las la-gem","custom_svg":"","collection_title":"ادوات منزلية","collection_link":""}},"collection_item_RPRbAX":{"type":"collection_item","settings":{"collection":"chips-snacks","icon":"las la-gem","custom_svg":"","collection_title":"رقائق ووجبات خفيفة","collection_link":""}}},"block_order":["collection_item_TDaaBK","collection_item_jH99XP","collection_item_nGRwLX","collection_item_UWGW4C","collection_item_frRcDQ","collection_item_bVVBBL","collection_item_nVxhQc","collection_item_3eRcQf","collection_item_qHrcxc","collection_item_rpTWmf","collection_item_RPRbAX"],"custom_css":[".t4s-eff {overflow: visible !important;}"],"settings":{"design_heading":"1","heading_align":"t4s-text-center","top_heading":"تسوق بناء على الاقسام","icon_heading":"las la-gem","top_subheading":"","tophead_mb":30,"head_btn_label":"View All","head_btn_url":"","head_btn_icon":false,"head_btn_style":"outline","head_btn_size":"medium","head_btn_cl":"dark","head_btn_effect":"default","head_btn_hidden_mb":false,"collection_des":"14","title_cl":"#222222","title_cl_hover":"#222222","subtitle_cl":"#878787","count_cl":"#222222","border_cl":"#e5e5e5","collection_subtitle":"Products","open_link":"_self","source":"image","space_bottom":20,"space_bottom_tb":20,"space_bottom_mb":10,"border":false,"icon_width":50,"item_pd":0,"item_rd":0,"img_effect":"none","b_effect":"none","image_ratio":"ratio1_1","image_size":"contain","image_position":"8","layout_des":"1","col_dk":"8","col_tb":"4","col_mb":"3","space_h_item":"30","space_v_item":"30","space_h_item_mb":"10","space_v_item_mb":"10","loop":true,"au_time":0,"au_hover":true,"nav_btn":false,"btn_pos":"default","btn_vi":"hover","btn_owl":"default","btn_shape":"none","btn_cl":"dark","btn_size":"small","btn_hidden_mobile":false,"nav_dot":false,"dot_owl":"default","dots_cl":"dark","dots_round":true,"dots_space":10,"dots_hidden_mobile":false,"layout":"t4s-container-wrap","cl_bg":"","cl_bg_gradient":"","mg":",,50px,","pd":"","mg_tb":"","pd_tb":"","mg_mb":",,30px,","pd_mb":"","use_cus_css":false,"code_cus_css":""}},"featured_collection_THahaH":{"type":"featured-collection","settings":{"design_heading":"1","heading_align":"t4s-text-center","top_heading":"الاكثر مبيعا","icon_heading":"las la-gem","top_subheading":"","tophead_mb":20,"head_btn_label":"View All","head_btn_url":"","head_btn_icon":false,"head_btn_style":"default","head_btn_size":"medium","head_btn_cl":"dark","head_btn_effect":"default","head_btn_hidden_mb":false,"collection":"best-selling-products","product_des":"6","show_vendor":false,"use_cdt":false,"image_ratio":"rationt","image_size":"contain","image_position":"8","content_align":"center","limit":6,"col_dk":"6","col_tb":"2","col_mb":"2","space_h_item":"30","space_v_item":"30","space_h_item_mb":"10","space_v_item_mb":"10","layout_des":"1","loop":false,"au_time":0,"au_hover":true,"center_slide":false,"nav_btn":false,"btns_pos":"default","btn_vi":"hover","btn_owl":"default","btn_shape":"none","btn_cl":"dark","btn_size":"small","btn_hidden_mobile":true,"nav_dot":false,"dot_owl":"default","dots_cl":"dark","dots_round":true,"dots_space":10,"dots_hidden_mobile":false,"use_pagination":"load-more","enable_bar_lm":true,"btn_icon":false,"button_style":"default","btns_size":"large","btns_cl":"dark","button_effect":"default","btn_pos":"t4s-text-center","layout":"t4s-container-wrap","cl_bg":"","cl_bg_gradient":"","mg":",,50px,","pd":"","mg_tb":"","pd_tb":"","mg_mb":",,30px,","pd_mb":"","use_cus_css":false,"code_cus_css":""}},"featured_collection_64jQzx":{"type":"featured-collection","custom_css":[],"settings":{"design_heading":"1","heading_align":"t4s-text-center","top_heading":"عرض 1 + 1 مجانا","icon_heading":"las la-gem","top_subheading":"","tophead_mb":20,"head_btn_label":"View All","head_btn_url":"","head_btn_icon":false,"head_btn_style":"default","head_btn_size":"medium","head_btn_cl":"dark","head_btn_effect":"default","head_btn_hidden_mb":false,"collection":"عرض-1-1-مجانا","product_des":"6","show_vendor":false,"use_cdt":false,"image_ratio":"rationt","image_size":"contain","image_position":"8","content_align":"center","limit":6,"col_dk":"6","col_tb":"2","col_mb":"2","space_h_item":"30","space_v_item":"30","space_h_item_mb":"10","space_v_item_mb":"10","layout_des":"1","loop":false,"au_time":0,"au_hover":true,"center_slide":false,"nav_btn":false,"btns_pos":"default","btn_vi":"hover","btn_owl":"default","btn_shape":"none","btn_cl":"dark","btn_size":"small","btn_hidden_mobile":true,"nav_dot":false,"dot_owl":"default","dots_cl":"dark","dots_round":true,"dots_space":10,"dots_hidden_mobile":false,"use_pagination":"load-more","enable_bar_lm":true,"btn_icon":false,"button_style":"default","btns_size":"large","btns_cl":"dark","button_effect":"default","btn_pos":"t4s-text-center","layout":"t4s-container-wrap","cl_bg":"","cl_bg_gradient":"","mg":",,50px,","pd":"","mg_tb":"","pd_tb":"","mg_mb":",,30px,","pd_mb":"","use_cus_css":false,"code_cus_css":""}},"featured_collection_rQ4cCB":{"type":"featured-collection","settings":{"design_heading":"1","heading_align":"t4s-text-center","top_heading":"عرض € 0,99","icon_heading":"las la-gem","top_subheading":"","tophead_mb":20,"head_btn_label":"View All","head_btn_url":"","head_btn_icon":false,"head_btn_style":"default","head_btn_size":"medium","head_btn_cl":"dark","head_btn_effect":"default","head_btn_hidden_mb":false,"collection":"0-99","product_des":"6","show_vendor":false,"use_cdt":false,"image_ratio":"rationt","image_size":"contain","image_position":"8","content_align":"center","limit":6,"col_dk":"6","col_tb":"2","col_mb":"2","space_h_item":"30","space_v_item":"30","space_h_item_mb":"10","space_v_item_mb":"10","layout_des":"1","loop":false,"au_time":0,"au_hover":true,"center_slide":false,"nav_btn":false,"btns_pos":"default","btn_vi":"hover","btn_owl":"default","btn_shape":"none","btn_cl":"dark","btn_size":"small","btn_hidden_mobile":true,"nav_dot":false,"dot_owl":"default","dots_cl":"dark","dots_round":true,"dots_space":10,"dots_hidden_mobile":false,"use_pagination":"load-more","enable_bar_lm":true,"btn_icon":false,"button_style":"default","btns_size":"large","btns_cl":"dark","button_effect":"default","btn_pos":"t4s-text-center","layout":"t4s-container-wrap","cl_bg":"","cl_bg_gradient":"","mg":",,50px,","pd":"","mg_tb":"","pd_tb":"","mg_mb":",,30px,","pd_mb":"","use_cus_css":false,"code_cus_css":""}},"featured_collection_yMJp3R":{"type":"featured-collection","settings":{"design_heading":"1","heading_align":"t4s-text-center","top_heading":"عروض","icon_heading":"las la-gem","top_subheading":"","tophead_mb":20,"head_btn_label":"View All","head_btn_url":"","head_btn_icon":false,"head_btn_style":"default","head_btn_size":"medium","head_btn_cl":"dark","head_btn_effect":"default","head_btn_hidden_mb":false,"collection":"angebote","product_des":"6","show_vendor":false,"use_cdt":false,"image_ratio":"rationt","image_size":"contain","image_position":"8","content_align":"center","limit":6,"col_dk":"6","col_tb":"2","col_mb":"2","space_h_item":"30","space_v_item":"30","space_h_item_mb":"10","space_v_item_mb":"10","layout_des":"1","loop":false,"au_time":0,"au_hover":true,"center_slide":false,"nav_btn":false,"btns_pos":"default","btn_vi":"hover","btn_owl":"default","btn_shape":"none","btn_cl":"dark","btn_size":"small","btn_hidden_mobile":true,"nav_dot":false,"dot_owl":"default","dots_cl":"dark","dots_round":true,"dots_space":10,"dots_hidden_mobile":false,"use_pagination":"load-more","enable_bar_lm":true,"btn_icon":false,"button_style":"default","btns_size":"large","btns_cl":"dark","button_effect":"default","btn_pos":"t4s-text-center","layout":"t4s-container-wrap","cl_bg":"","cl_bg_gradient":"","mg":",,50px,","pd":"","mg_tb":"","pd_tb":"","mg_mb":",,30px,","pd_mb":"","use_cus_css":false,"code_cus_css":""}},"featured_collection_GqGnPC":{"type":"featured-collection","settings":{"design_heading":"1","heading_align":"t4s-text-center","top_heading":"بقالة","icon_heading":"las la-gem","top_subheading":"","tophead_mb":20,"head_btn_label":"View All","head_btn_url":"","head_btn_icon":false,"head_btn_style":"default","head_btn_size":"medium","head_btn_cl":"dark","head_btn_effect":"default","head_btn_hidden_mb":false,"collection":"lebensmittel","product_des":"6","show_vendor":false,"use_cdt":false,"image_ratio":"rationt","image_size":"contain","image_position":"8","content_align":"center","limit":6,"col_dk":"6","col_tb":"2","col_mb":"2","space_h_item":"30","space_v_item":"30","space_h_item_mb":"10","space_v_item_mb":"10","layout_des":"1","loop":false,"au_time":0,"au_hover":true,"center_slide":false,"nav_btn":false,"btns_pos":"default","btn_vi":"hover","btn_owl":"default","btn_shape":"none","btn_cl":"dark","btn_size":"small","btn_hidden_mobile":true,"nav_dot":false,"dot_owl":"default","dots_cl":"dark","dots_round":true,"dots_space":10,"dots_hidden_mobile":false,"use_pagination":"load-more","enable_bar_lm":true,"btn_icon":false,"button_style":"default","btns_size":"large","btns_cl":"dark","button_effect":"default","btn_pos":"t4s-text-center","layout":"t4s-container-wrap","cl_bg":"","cl_bg_gradient":"","mg":",,50px,","pd":"","mg_tb":"","pd_tb":"","mg_mb":",,30px,","pd_mb":"","use_cus_css":false,"code_cus_css":""}},"featured_collection_7DzEEH":{"type":"featured-collection","settings":{"design_heading":"1","heading_align":"t4s-text-center","top_heading":"مشروبات","icon_heading":"las la-gem","top_subheading":"","tophead_mb":20,"head_btn_label":"View All","head_btn_url":"","head_btn_icon":false,"head_btn_style":"default","head_btn_size":"medium","head_btn_cl":"dark","head_btn_effect":"default","head_btn_hidden_mb":false,"collection":"getranke","product_des":"6","show_vendor":false,"use_cdt":false,"image_ratio":"rationt","image_size":"contain","image_position":"8","content_align":"center","limit":6,"col_dk":"6","col_tb":"2","col_mb":"2","space_h_item":"30","space_v_item":"30","space_h_item_mb":"10","space_v_item_mb":"10","layout_des":"1","loop":false,"au_time":0,"au_hover":true,"center_slide":false,"nav_btn":false,"btns_pos":"default","btn_vi":"hover","btn_owl":"default","btn_shape":"none","btn_cl":"dark","btn_size":"small","btn_hidden_mobile":true,"nav_dot":false,"dot_owl":"default","dots_cl":"dark","dots_round":true,"dots_space":10,"dots_hidden_mobile":false,"use_pagination":"load-more","enable_bar_lm":true,"btn_icon":false,"button_style":"default","btns_size":"large","btns_cl":"dark","button_effect":"default","btn_pos":"t4s-text-center","layout":"t4s-container-wrap","cl_bg":"","cl_bg_gradient":"","mg":",,50px,","pd":"","mg_tb":"","pd_tb":"","mg_mb":",,30px,","pd_mb":"","use_cus_css":false,"code_cus_css":""}},"featured_collection_PjBc4k":{"type":"featured-collection","settings":{"design_heading":"1","heading_align":"t4s-text-center","top_heading":"رقائق ووجبات خفيفة","icon_heading":"las la-gem","top_subheading":"","tophead_mb":20,"head_btn_label":"View All","head_btn_url":"","head_btn_icon":false,"head_btn_style":"default","head_btn_size":"medium","head_btn_cl":"light","head_btn_effect":"default","head_btn_hidden_mb":false,"collection":"chips-snacks","product_des":"6","show_vendor":false,"use_cdt":false,"image_ratio":"rationt","image_size":"contain","image_position":"8","content_align":"center","limit":6,"col_dk":"6","col_tb":"2","col_mb":"2","space_h_item":"30","space_v_item":"30","space_h_item_mb":"10","space_v_item_mb":"10","layout_des":"1","loop":false,"au_time":0,"au_hover":true,"center_slide":false,"nav_btn":false,"btns_pos":"default","btn_vi":"hover","btn_owl":"default","btn_shape":"none","btn_cl":"dark","btn_size":"small","btn_hidden_mobile":true,"nav_dot":false,"dot_owl":"default","dots_cl":"dark","dots_round":true,"dots_space":10,"dots_hidden_mobile":false,"use_pagination":"load-more","enable_bar_lm":true,"btn_icon":false,"button_style":"default","btns_size":"large","btns_cl":"dark","button_effect":"default","btn_pos":"t4s-text-center","layout":"t4s-container-wrap","cl_bg":"","cl_bg_gradient":"","mg":",,50px,","pd":"","mg_tb":"","pd_tb":"","mg_mb":",,30px,","pd_mb":"","use_cus_css":false,"code_cus_css":""}},"featured_collection_LPTqiT":{"type":"featured-collection","settings":{"design_heading":"1","heading_align":"t4s-text-center","top_heading":"مستحضرات تجميل","icon_heading":"las la-gem","top_subheading":"","tophead_mb":20,"head_btn_label":"View All","head_btn_url":"","head_btn_icon":false,"head_btn_style":"default","head_btn_size":"medium","head_btn_cl":"dark","head_btn_effect":"default","head_btn_hidden_mb":false,"collection":"kosmetik","product_des":"6","show_vendor":false,"use_cdt":false,"image_ratio":"rationt","image_size":"contain","image_position":"8","content_align":"center","limit":6,"col_dk":"6","col_tb":"2","col_mb":"2","space_h_item":"30","space_v_item":"30","space_h_item_mb":"10","space_v_item_mb":"10","layout_des":"1","loop":false,"au_time":0,"au_hover":true,"center_slide":false,"nav_btn":false,"btns_pos":"default","btn_vi":"hover","btn_owl":"default","btn_shape":"none","btn_cl":"dark","btn_size":"small","btn_hidden_mobile":true,"nav_dot":false,"dot_owl":"default","dots_cl":"dark","dots_round":true,"dots_space":10,"dots_hidden_mobile":false,"use_pagination":"load-more","enable_bar_lm":true,"btn_icon":false,"button_style":"default","btns_size":"large","btns_cl":"dark","button_effect":"default","btn_pos":"t4s-text-center","layout":"t4s-container-wrap","cl_bg":"","cl_bg_gradient":"","mg":",,50px,","pd":"","mg_tb":"","pd_tb":"","mg_mb":",,30px,","pd_mb":"","use_cus_css":false,"code_cus_css":""}},"image_gallery_zpCD3N":{"type":"image-gallery","blocks":{"image_item_McKhLM":{"type":"image_item","settings":{"link":""}},"image_item_cUxVNL":{"type":"image_item","settings":{"link":""}},"image_item_xXjkn7":{"type":"image_item","settings":{"link":""}},"image_item_cqDr7U":{"type":"image_item","settings":{"link":""}},"image_item_KWfMQU":{"type":"image_item","settings":{"link":""}},"image_item_ybkfCp":{"type":"image_item","settings":{"link":""}}},"block_order":["image_item_McKhLM","image_item_cUxVNL","image_item_xXjkn7","image_item_cqDr7U","image_item_KWfMQU","image_item_ybkfCp"],"disabled":true,"settings":{"design_heading":"1","heading_align":"t4s-text-center","top_heading":"اراء عملائنا","icon_heading":"las la-gem","top_subheading":"","tophead_mb":30,"layout_des":"2","click_image":"data-t4s-gallery","nav_thumbs":true,"open_link":"_blank","item_rd":0,"img_effect":"none","b_effect":"none","image_ratio":"ratioadapt","image_size":"cover","image_position":"8","col_dk":"2","col_tb":"2","col_mb":"1","space_item":"30","space_item_mb":"10","loop":true,"au_time":0,"au_hover":true,"nav_btn":true,"btn_vi":"hover","btn_owl":"default","btn_shape":"none","btn_cl":"dark","btn_size":"small","btn_hidden_mobile":false,"nav_dot":true,"dot_owl":"outline","dots_cl":"dark","dots_round":true,"dots_space":10,"layout":"t4s-container-wrap","cl_bg":"","cl_bg_gradient":"","mg":",,50px,","pd":"","mg_tb":"","pd_tb":"","mg_mb":",,30px,","pd_mb":"","use_cus_css":false,"code_cus_css":""}},"shipping_dKVph3":{"type":"shipping","blocks":{"shipping_3KQXrt":{"type":"shipping","settings":{"icon_themes":"none","image_icon":"shopify:\/\/shop_images\/Halal_2b625d87-2204-4325-b0a1-66065c73f2c3.svg","icon":"las la-heart","title":"حلال 100%","text":"<p>منتجات حلال معتمدة  100%<\/p><p><\/p>","html":""}},"shipping_yM4YHR":{"type":"shipping","settings":{"icon_themes":"help","image_icon":"shopify:\/\/shop_images\/Support_1074676a-bf9b-4eb8-bdb5-18d875795ca1.svg","icon":"las la-headphones","title":"دعم العملاء 24\/7","text":"<p>دعم باللغة العربية والإنجليزية<\/p><p><\/p>","html":""}},"shipping_V8jbUq":{"type":"shipping","settings":{"icon_themes":"refesh","image_icon":"shopify:\/\/shop_images\/Shipping_eba16ac2-4b08-4d3e-9fba-c33b0be95398.svg","icon":"las la-shipping-fast","title":"شحن مجاني","text":"<p>شحن سريع وموثوق<\/p>","html":""}},"shipping_QBUWDz":{"type":"shipping","disabled":true,"settings":{"icon_themes":"door-lock","image_icon":"shopify:\/\/shop_images\/Money_back_2.svg","icon":"las la-redo-alt","title":"ضمان استرجاع الأموال","text":"<p>ضمان استرجاع الأموال خلال 30 يومًا<\/p>","html":""}}},"block_order":["shipping_3KQXrt","shipping_yM4YHR","shipping_V8jbUq","shipping_QBUWDz"],"settings":{"design_heading":"1","heading_align":"t4s-text-center","top_heading":"","icon_heading":"las la-gem","top_subheading":"","tophead_mb":30,"content_align":"text-center","align_vertical":false,"design_padding":"1","source":"get_image","icon_des":"default","icon_size":"medium","col_dk":"3","col_tb":"2","col_mb":"1","border":false,"cl_bd":"#dddddd","cl_ic":"#545454","cl_hd":"#222222","cl_cot":"#545454","bg_item":"#ffffff","hd_fs":16,"hd_fw":500,"txt_fs":13,"space_h_item":"30","space_v_item":"30","space_h_item_mb":"10","space_v_item_mb":"10","carousel_mobile":true,"dots_cl":"dark","dots_round":true,"layout":"t4s-container-wrap","cl_bg":"","cl_bg_gradient":"","mg":",,50px,","pd":"","mg_tb":",,50px,","pd_tb":"","mg_mb":",,30px,","pd_mb":"","use_cus_css":false,"code_cus_css":""}},"testimonials_HwGVyM":{"type":"testimonials","blocks":{"quote_7KfBwc":{"type":"quote","settings":{"heading":"","content":"<p>موقع HalaFood.eu يوفر مجموعة متنوعة من المنتجات الشرقية الأصيلة. عملية الشراء كانت سهلة، والتوصيل تم في الوقت المحدد. أوصي به بشدة!<\/p>","title":"Ahmed Ibrahim","pos":"","rating":5}},"quote_WhUWe9":{"type":"quote","settings":{"heading":"","content":"<p>واجهت مشكلة بسيطة أثناء الطلب، ولكن فريق خدمة العملاء كان متعاونًا وساعدني في حلها بسرعة. شكرًا لهم<\/p>","title":"Nour Ahmed","pos":"","rating":5}},"quote_6URE4d":{"type":"quote","settings":{"heading":"","content":"<p>تم توصيل طلبي خلال يومين فقط، وكانت المنتجات معبأة بشكل جيد. تجربة تسوق مريحة وآمنة<\/p>","title":"Marwa","pos":"","rating":5}},"quote_Fz8Lia":{"type":"quote","settings":{"heading":"","content":"<p>أعجبني تنوع المنتجات المتاحة على الموقع، من المواد الغذائية إلى مستحضرات التجميل. كل ما أحتاجه في مكان واحد<\/p>","title":"Mai","pos":"","rating":5}},"quote_DqLARr":{"type":"quote","settings":{"heading":"","content":"<p>الأسعار على HalaFood.eu معقولة مقارنة بجودة المنتجات. كما أن هناك عروض وتخفيضات مستمرة<\/p>","title":"Ibrahim","pos":"","rating":5}},"quote_7y8EMV":{"type":"quote","settings":{"heading":"","content":"<p>تصميم الموقع بسيط وسهل التصفح. تمكنت من العثور على المنتجات التي أبحث عنها بسرعة ودون أي تعقيدات<\/p>","title":"Rana Elbahy","pos":"","rating":5}},"quote_bW3LCC":{"type":"quote","settings":{"heading":"","content":"<p>اشتريت مجموعة من التوابل والمكسرات من الموقع، وكانت جميعها طازجة وذات جودة ممتازة. سأكرر التجربة بالتأكيد<\/p>","title":"Osama","pos":"","rating":5}}},"block_order":["quote_7KfBwc","quote_WhUWe9","quote_6URE4d","quote_Fz8Lia","quote_DqLARr","quote_7y8EMV","quote_bW3LCC"],"name":"Testimonials","settings":{"design_heading":"1","heading_align":"t4s-text-center","top_heading":"اراء عملائنا","icon_heading":"las la-gem","top_subheading":"","tophead_mb":30,"ter_des":"1","cl_name":"#222222","cl_content":"#545454","cl_bd":"","cl_bg_item":"","bdr":0,"content_align":"text-center","col_dk":"3","col_tb":"2","col_mb":"1","space_h_item":"30","space_v_item":"30","space_h_item_mb":"10","space_v_item_mb":"10","layout_des":"2","loop":true,"au_time":0,"au_hover":true,"nav_btn":false,"btn_vi":"hover","btn_owl":"default","btn_shape":"none","btn_cl":"dark","btn_size":"small","btn_hidden_mobile":true,"nav_dot":true,"dot_owl":"default","dots_cl":"dark","dots_round":true,"dots_space":10,"dots_hidden_mobile":false,"layout":"t4s-container-wrap","cl_bg":"","cl_bg_gradient":"","mg":",,50px,","pd":"","mg_tb":"","pd_tb":"","mg_mb":",,30px,","pd_mb":"","use_cus_css":false,"code_cus_css":""}},"image_text_gqmUM4":{"type":"image_text","blocks":{"bl_image_TchPWh":{"type":"bl_image","settings":{"image1":"shopify:\/\/shop_images\/906982dddddad7_1.png","col_dk":"6","col_tb":"6","layout_des":"carousel","post_mobile":"default","image_ratio":"ratioadapt","image_size":"cover","image_position":"8","loop":true,"au_time":0,"au_hover":true,"nav_btn":false,"btn_vi":"hover","btn_owl":"default","btn_shape":"none","btn_cl":"dark","btn_size":"small","btn_hidden_mobile":true,"nav_dot":false,"dot_owl":"default","dots_cl":"dark","dots_round":true,"dots_space":10,"dots_hidden_mobile":false}},"bl_text_KGYgfq":{"type":"bl_text","settings":{"col_dk":"6","col_tb":"6","text_size":"40,15","txt_align":"start","sub_heading":"","heading":"","font_size_heading":44,"text":"<p>✔️ <strong>نقربك من وطنك – وجبة بعد وجبة<\/strong><br\/><br\/>هلا فود هو متجرك الإلكتروني الموثوق للمواد الغذائية الحلال عالية الجودة، نختارها بعناية لخدمة المجتمعات العربية والشرق أوسطية في جميع أنحاء أوروبا.<\/p><p>✔️ <strong>ولِد من شغف بالنكهات الأصيلة والروابط الثقافية<\/strong><br\/><br\/>نحن نجلب لك نكهات الوطن إلى عتبة منزلك. من التوابل التقليدية والأساسيات الغذائية إلى الحلويات والتسالي المحبوبة، يتم اختيار كل منتج بعناية ليلبّي توقعاتك من حيث الجودة، والانتعاش، ومعايير الحلال.<\/p>","subhd_color":"#222222","hd_color":"#222222","des_color":"#545454","use_shadow":false,"button_label":"Button label","button_link":"","open_link":"_blank","btn_icon":false,"button_style":"default","btn_size":"large","btn_cl":"dark","button_effect":"default"}}},"block_order":["bl_image_TchPWh","bl_text_KGYgfq"],"settings":{"design_heading":"1","heading_align":"t4s-text-center","top_heading":"","icon_heading":"las la-gem","top_subheading":"","tophead_mb":30,"space_h_item":"20","space_v_item":"10","space_h_item_mb":"20","space_v_item_mb":"10","layout":"t4s-container-wrap","cl_bg":"","cl_bg_gradient":"","mg":",,50px,","pd":"","mg_tb":"","pd_tb":"","mg_mb":",,30px,","pd_mb":"","use_cus_css":false,"code_cus_css":""}}},"order":["1646028739ae283905","collections_list_dD8RdM","featured_collection_THahaH","featured_collection_64jQzx","featured_collection_rQ4cCB","featured_collection_yMJp3R","featured_collection_GqGnPC","featured_collection_7DzEEH","featured_collection_PjBc4k","featured_collection_LPTqiT","image_gallery_zpCD3N","shipping_dKVph3","testimonials_HwGVyM","image_text_gqmUM4"]}