{"sections":{"breadcrumb":{"type":"brc-nav-product","settings":{"back_next_pr":true,"cl_bg":"#f6f6f6","cl_link":"#222222"}},"main":{"type":"main-product","blocks":{"title":{"type":"title","settings":{"txt_tr_pr":"none","fnt_df_pr":"1","size_pr":16,"fw_pr":600,"lh_pr":0,"ls_pr":0,"pr_title_color":"#222222"}},"price_review":{"type":"price_review","settings":{"price":"0","type_sale":"0","tax_ship":false,"rating":true,"review_liquid":"","size_price_pr":22,"fw_price_pr":400,"price_color":"#696969","price_sale_color":"#ec0101"}},"judge_me_reviews_preview_badge_FTR7iQ":{"type":"shopify:\/\/apps\/judge-me-reviews\/blocks\/preview_badge\/61ccd3b1-a9f2-4160-9fe9-4fec8413e5d8","settings":{}},"sold_rN9xiL":{"type":"sold","disabled":true,"settings":{"icon":"2","icon_name":"lab la-gripfire","ani":"heartBeat is--infinite","mins":5,"maxs":20,"mint":24,"maxt":24,"text":"بيع [sold] مرة خلال [hour] ساعة"}},"live_view_hryKkQ":{"type":"live_view","settings":{"icon":"2","icon_name":"las la-eye","ani":"none","min":1,"max":50,"time":5,"text":"[count] <span class=\"t4s-fwm\">شخص <\/span> يشاهد هذا المنتج الان"}},"form":{"type":"form","settings":{"selector_mode":"circle","color_mode":"color is-sw-cl__round","enable_fit_ratio_img":false,"color_size":"medium","show_qty":false,"enable_wishlist":true,"enable_compare":true,"btn_atc_full":false,"pr_btn_round":40,"ani":"none","time":6,"btn_txt":"3","btn_icon":false,"button_style":"default","button_color":"primary","button_effect":"sweep-to-top","wishlist_color":"#222222","wishlist_color_hover":"#457d33","wishlist_color_active":"#457d33","compare_color":"#222222","compare_color_hover":"#56cfe1","compare_color_active":"#222222","show_dynamic_checkout":true,"btn_txt2":"3","button_color_payment":"dark","show_gift_card_recipient":true,"product_list":[],"show_product_current":true,"qty_val":"0","advance_label":"Choose style","advance_pr_list":[]}},"23551ebc-3be1-40d6-81b2-30f03478cccb":{"type":"img","settings":{"al":"start","mess":"","size":16,"source":"1","wimg":70,"svg":"american_express,apple_pay,master,paypal,shopify_pay,visa","height":30}},"custom_liquid_rPJXBM":{"type":"custom_liquid","disabled":true,"settings":{"custom_liquid":"<p style=\"margin-bottom:0;\">\nشارك المنتج عبر:\n<\/p>"}},"text_kpBC7e":{"type":"text","settings":{"text":"<p>شارك المنتج عبر:<\/p>"}},"social_JX8kwG":{"type":"social","settings":{"socials_align":"start","social_mode":"2","social_style":"3","social_size":"medium","bd_radius":4,"use_color_set":false,"icon_cl":"#878787","bg_cl":"#222222","space_h_item":"5","space_v_item":"5","space_h_item_mb":"2","space_v_item_mb":"2"}},"95d4f334-8ea7-4cd2-b609-2373b1e848b8":{"type":"tab_des","settings":{"title":"الوصف"}},"754ad4a0-7308-4a3e-b325-e2f2c0b85d4c":{"type":"tab_html","settings":{"title":"سياسة الشحن","content":"<p><strong>شريك الشحن:<\/strong><br\/>لقد تعاونّا مع شركة <strong>DPD<\/strong>، وهي واحدة من خدمات التوصيل الدولية الرائدة، لضمان شحن موثوق وفعّال لمنتجاتكم من المواد الغذائية الحلال.<\/p><p><strong>وجهات الشحن:<\/strong><br\/>نحن نقوم حاليًا بالتوصيل إلى جميع دول <strong>الاتحاد الأوروبي<\/strong>.<\/p><p><strong>طرق الشحن والتكاليف:<br\/><\/strong>من 1 إلى 4 أيام عمل<br\/>الدولة المستهدفة.<br\/><br\/>يمكن الاطلاع على <strong>التكلفة الدقيقة للشحن عند إتمام الطلب في صفحة الدفع<\/strong>.<br\/><br\/><strong>شحن مجاني للطلبات التي تتجاوز 59.9 يورو في الدول التالية <\/strong><br\/><strong>النمسا، سلوفاكيا، التشيك، ألمانيا، المجر، سلوفينيا، بولندا، بلجيكا، لوكسمبورغ، هولندا، فرنسا، كرواتيا، إيطاليا<br\/><\/strong><br\/>شحن مجاني للطلبات التي تتجاوز 159.9 يورو في الدول التالية <br\/>رومانيا، بلغاريا، إستونيا، فنلندا، اليونان، أيرلندا، إسبانيا، ليتوانيا، لاتفيا، البرتغال، السويد<br\/><br\/><strong>مدة معالجة الطلب:<\/strong><br\/>عادةً ما تتم <strong>معالجة الطلبات خلال 1 إلى 2 يوم عمل<\/strong> بعد تقديمها.<\/p><p><strong>أوقات التوصيل:<\/strong><br\/>أوقات التوصيل تقديرية وقد تختلف حسب الوجهة أو ظروف خارجة عن الإرادة (مثل الطقس أو التأخير في الجمارك).<br\/>يمكنكم تتبع طلبكم باستخدام <strong>رقم التتبع<\/strong> الذي يصلكم عبر البريد الإلكتروني بعد تأكيد الشحن.<\/p><p><strong>عنوان التوصيل:<\/strong><br\/>يرجى التأكد من أن عنوان التوصيل <strong>دقيق وكامل<\/strong> لتفادي التأخير أو فشل عملية التسليم.<br\/>نحن <strong>غير مسؤولين<\/strong> عن الطلبات التي يتم تسليمها لعناوين غير صحيحة أو غير مكتملة قام العميل بإدخالها.<\/p><p><strong>محاولات التسليم:<\/strong><br\/>إذا لم تنجح محاولات التوصيل بعد عدة مرات، فقد يتم <strong>إرجاع الطلب إلينا<\/strong>.<br\/>في هذه الحالة، قد يتم فرض <strong>رسوم إضافية<\/strong> لإعادة محاولة التوصيل.<\/p><p><strong>معلومات الاتصال:<\/strong><br\/>في حال وجود <strong>أسئلة أو استفسارات<\/strong> بخصوص شحنتك، يرجى التواصل مباشرة مع <strong>شركة DPD<\/strong> أو زيارة موقعهم الإلكتروني.<\/p><p><strong>ملاحظات إضافية:<\/strong><br\/>نحن <strong>غير مسؤولين<\/strong> عن أي <strong>رسوم جمركية أو ضرائب<\/strong> قد تُفرض على طلبك.<br\/>يرجى مراجعة <strong>الشروط والأحكام الخاصة بشركة DPD<\/strong> للحصول على معلومات مفصّلة حول خدماتهم وسياساتهم المتعلقة بالشحن.<\/p>","page":"wash-care"}},"bded529b-9b8f-4d5c-8f04-5de0b22e627d":{"type":"tab_html","settings":{"title":"سياسة الإرجاع","content":"<p><strong>المنتجات التالفة أو المعيبة:<\/strong><br\/>إذا استلمت منتجات تالفة أو معيبة، يحق لك الحصول على <strong>بطاقة هدية بقيمة المنتج<\/strong> أو <strong>استرداد<\/strong> لقيمة المنتج التالف أو المعيب.<br\/>يرجى التواصل مع فريق دعم العملاء لدينا خلال <strong>5 أيام عمل<\/strong> من استلام الطلب.<br\/>يرجى تقديم <strong>صور أو أدلة<\/strong> تثبت التلف أو العيب.<br\/>قد نطلب منك <strong>إعادة إرسال المنتج<\/strong> إلينا حسب الحالة.<\/p>","page":""}},"complimentary_products_j9adkH":{"type":"complimentary_products","settings":{"text":"Pairs well with","show_complimentary":true}}},"block_order":["title","price_review","judge_me_reviews_preview_badge_FTR7iQ","sold_rN9xiL","live_view_hryKkQ","form","23551ebc-3be1-40d6-81b2-30f03478cccb","custom_liquid_rPJXBM","text_kpBC7e","social_JX8kwG","95d4f334-8ea7-4cd2-b609-2373b1e848b8","754ad4a0-7308-4a3e-b325-e2f2c0b85d4c","bded529b-9b8f-4d5c-8f04-5de0b22e627d","complimentary_products_j9adkH"],"custom_css":[".t4s-richtext_text_kpBC7e {margin-bottom: 5px !important;}",".t4s-richtext_text_kpBC7e p {margin-bottom: 5px !important;}"],"settings":{"pr_layout":"default","enable_sticky_info":true,"media_layout":"thumbnails_left","media_size":"medium","thumb_lr_size":"medium","image_ratio":"ratioadapt","image_size":"cover","image_position":"8","main_click":"zoom","zoom_tp":"external","enable_zoom_icon":true,"enable_zoom_click_mb":true,"enable_video_looping":false,"enable_video_muting":true,"enable_video_autoplaying":true,"eff":"fade","nav_btn":true,"btn_vi":"always","btn_owl":"outline","btn_shape":"round","btn_cl":"dark","btn_size":"small","btn_hidden_mobile":true,"nav_dot":false,"dot_owl":"default","dots_cl":"dark","dots_round":true,"dots_space":10,"dots_hidden_mobile":false,"tabs_design":"accordion","tabs_design_mb":"accordion","tabs_position":"external","enable_first_tab":true,"tabs_layout_fix":"full","bg":"#f6f6f8","bg_mb":"#ffffff","product_list":["55up130-55-inch-4k-ultra-hd-roku-smart-led-tv","55-ku6470-6-series-uhd-crystal-colour-hdr-smart-tv","65uf850t-super-ultra-slim-hd-4k-cinema"],"sticky_mode":"2","sticky_show":"2","sticky_layout_mb":"minimal","enable_select":true,"ani":"t4s-ani-shake","time":3}},"sidebar":{"type":"sidebar-product","blocks":{"f01b181b-62ee-4735-8e25-32cb71ccfaba":{"type":"category","settings":{"title_category":"Product Categories","cat_source":"1","cat_link_list":"","count":true}},"f65f464b-9487-43be-9c91-8688a098bb6f":{"type":"collection","settings":{"title_fea_pr":"Sale Products","collection":"frontpage","limit_pr":5,"image_ratio":"t4s_ratioadapt","image_size":"t4s_cover","image_position":"t4s_position_8"}},"83340bb8-58d2-4148-89e2-a4c7a01cf792":{"type":"instagram","settings":{"title_ins":"Instagram","mode":"2","acc":"","limit":12,"open_link":"_blank","round":0,"col_dk":"3","space_item":"6"}},"9ce9ded8-1cef-4e32-b98b-47364ffa328c":{"type":"shipping","settings":{"title":"Shipping & Delivery","shipping_1":"las la-truck,FREE SHIPPING,Free shipping for all US order","shipping_2":"las la-headset,SUPPORT 24\/7,We support 24 hours a day","shipping_3":"las la-exchange-alt,30 DAYS RETURN,You have 30 days to return","shipping_4":"","shipping_5":"","shipping_6":""}},"4a9c6ae8-f3b4-4192-a6d1-82d01670bce6":{"type":"image","settings":{"b_link":"","open_link":"_self","img_effect":"none","date":"2022\/12\/26","content_align":"center","cdt_des":"2","countdown_pos":"2","cdt_size":"medium","box_bdr":0,"bd_width":0,"space_item":10,"number_cl":"#ffffff","text_cl":"#ffffff","border_cl":"#000000","bg_cl":"#000000"}}},"block_order":["f01b181b-62ee-4735-8e25-32cb71ccfaba","f65f464b-9487-43be-9c91-8688a098bb6f","83340bb8-58d2-4148-89e2-a4c7a01cf792","9ce9ded8-1cef-4e32-b98b-47364ffa328c","4a9c6ae8-f3b4-4192-a6d1-82d01670bce6"],"disabled":true,"settings":{"enable_drawer":true,"space":50,"size":"medium","br_style":"none","brcolor":"#222222","sidebar_bdr":5,"sidebar_pd":10}},"testimonials_KTRbpR":{"type":"testimonials","blocks":{"quote_Xm39fb":{"type":"quote","settings":{"heading":"","content":"<p>موقع HalaFood.eu يوفر مجموعة متنوعة من المنتجات الشرقية الأصيلة. عملية الشراء كانت سهلة، والتوصيل تم في الوقت المحدد. أوصي به بشدة!<\/p>","title":"Ahmed Ibrahim","pos":"","rating":5}},"quote_4wGicC":{"type":"quote","settings":{"heading":"","content":"<p>واجهت مشكلة بسيطة أثناء الطلب، ولكن فريق خدمة العملاء كان متعاونًا وساعدني في حلها بسرعة. شكرًا لهم<\/p>","title":"Nour Ahmed","pos":"","rating":5}},"quote_b9FWwi":{"type":"quote","settings":{"heading":"","content":"<p>تم توصيل طلبي خلال يومين فقط، وكانت المنتجات معبأة بشكل جيد. تجربة تسوق مريحة وآمنة<\/p>","title":"Marwa","pos":"","rating":5}},"quote_mahmX3":{"type":"quote","settings":{"heading":"","content":"<p>أعجبني تنوع المنتجات المتاحة على الموقع، من المواد الغذائية إلى مستحضرات التجميل. كل ما أحتاجه في مكان واحد<\/p>","title":"Mai","pos":"","rating":5}},"quote_WRwKEN":{"type":"quote","settings":{"heading":"","content":"<p>الأسعار على HalaFood.eu معقولة مقارنة بجودة المنتجات. كما أن هناك عروض وتخفيضات مستمرة<\/p>","title":"Ibrahim","pos":"","rating":5}},"quote_KWYrHj":{"type":"quote","settings":{"heading":"","content":"<p>تصميم الموقع بسيط وسهل التصفح. تمكنت من العثور على المنتجات التي أبحث عنها بسرعة ودون أي تعقيدات<\/p>","title":"Rana Elbahy","pos":"","rating":5}},"quote_YreqNf":{"type":"quote","settings":{"heading":"","content":"<p>اشتريت مجموعة من التوابل والمكسرات من الموقع، وكانت جميعها طازجة وذات جودة ممتازة. سأكرر التجربة بالتأكيد<\/p>","title":"Osama","pos":"","rating":5}}},"block_order":["quote_Xm39fb","quote_4wGicC","quote_b9FWwi","quote_mahmX3","quote_WRwKEN","quote_KWYrHj","quote_YreqNf"],"name":"Testimonials","settings":{"design_heading":"1","heading_align":"t4s-text-center","top_heading":"اراء عملائنا","icon_heading":"las la-gem","top_subheading":"","tophead_mb":30,"ter_des":"1","cl_name":"#222222","cl_content":"#545454","cl_bd":"","cl_bg_item":"","bdr":0,"content_align":"text-center","col_dk":"3","col_tb":"3","col_mb":"1","space_h_item":"30","space_v_item":"30","space_h_item_mb":"10","space_v_item_mb":"10","layout_des":"2","loop":true,"au_time":0,"au_hover":true,"nav_btn":false,"btn_vi":"hover","btn_owl":"default","btn_shape":"none","btn_cl":"dark","btn_size":"small","btn_hidden_mobile":true,"nav_dot":true,"dot_owl":"default","dots_cl":"dark","dots_round":true,"dots_space":10,"dots_hidden_mobile":false,"layout":"t4s-container-wrap","cl_bg":"","cl_bg_gradient":"","mg":",,50px,","pd":"","mg_tb":"","pd_tb":"","mg_mb":",,30px,","pd_mb":"","use_cus_css":false,"code_cus_css":""}},"174999904092f4e10e":{"type":"apps","blocks":{"judge_me_reviews_review_widget_gDbcqG":{"type":"shopify:\/\/apps\/judge-me-reviews\/blocks\/review_widget\/61ccd3b1-a9f2-4160-9fe9-4fec8413e5d8","settings":{}}},"block_order":["judge_me_reviews_review_widget_gDbcqG"],"settings":{"include_margins":true}},"product-recommendations":{"type":"product-recommendations","settings":{"show":true,"design_heading":"1","heading_align":"t4s-text-center","top_heading":"ربما يعجبك ايضا","icon_heading":"las la-gem","top_subheading":"","tophead_mb":30,"product_des":"1","show_vendor":false,"use_cdt":false,"limit":12,"display_type":"4","image_ratio":"rationt","image_size":"nt_cover","image_position":"8","content_align":"default","col_dk":"4","col_tb":"2","col_mb":"2","space_h_item":"30","space_v_item":"30","space_h_item_mb":"10","space_v_item_mb":"10","layout_des":"2","loop":true,"au_time":0,"au_hover":true,"nav_btn":true,"btn_vi":"1","btn_owl":"outline","btn_shape":"round","btn_cl":"dark","btn_size":"small","btn_hidden_mobile":true,"nav_dot":false,"dot_owl":"1","dots_cl":"dark","dots_round":true,"dots_space":10,"dots_hidden_mobile":false,"layout":"t4s-container-wrap","cl_bg":"","cl_bg_gradient":"","mg":"75px,,50px,","pd":"","mg_tb":"","pd_tb":"","mg_mb":",,30px,","pd_mb":""}},"recently-viewed-products":{"type":"recently_viewed","settings":{"show":true,"design_heading":"1","heading_align":"t4s-text-center","top_heading":"تم مشاهدته مؤخرا","icon_heading":"las la-gem","top_subheading":"","tophead_mb":30,"product_des":"1","show_vendor":false,"use_cdt":false,"limit":14,"sortby":"1","unavailable_prs":"show","image_ratio":"rationt","image_size":"cover","image_position":"8","content_align":"default","col_dk":"4","col_tb":"2","col_mb":"2","space_h_item":"30","space_v_item":"30","space_h_item_mb":"10","space_v_item_mb":"10","layout_des":"2","loop":true,"au_time":0,"au_hover":true,"nav_btn":true,"btn_vi":"always","btn_owl":"outline","btn_shape":"round","btn_cl":"dark","btn_size":"small","btn_hidden_mobile":true,"nav_dot":false,"dot_owl":"default","dots_cl":"dark","dots_round":true,"dots_space":10,"dots_hidden_mobile":false,"layout":"t4s-container-wrap","cl_bg":"","cl_bg_gradient":"","mg":"75px,,50px,","pd":"","mg_tb":"","pd_tb":"","mg_mb":",,30px,","pd_mb":""}}},"order":["breadcrumb","main","sidebar","testimonials_KTRbpR","174999904092f4e10e","product-recommendations","recently-viewed-products"]}